"ID","Description","GeneRatio","BgRatio","pvalue","p.adjust","qvalue","geneID","Count"
"GO:0005509","GO:0005509","49/781","348/11936",2.62329818338544e-07,0.000130640249532595,0.000114596710116311,"GJB2/COMP/MELK/RYR3/S100B/KCNIP2/TESC/CLEC3B/ANXA1/LPL/RGN/S100P/LTBP4/SNCA/NRXN1/ENPP2/GSN/DNASE1L3/AOC3/PLSCR4/ADAM8/CAPN3/PLA2G4A/DSG1/CDH11/SPARCL1/CASQ2/TPD52/CDH23/SLIT3/CALB2/SYT8/ANXA3/S100A14/SYT15/SELP/CLGN/ASPN/HRC/CDH2/RYR1/RET/SYT13/ENPP3/DSC3/PLA2G2A/DSG3/CALML3/S100A1",49
"GO:0005248","GO:0005248","8/781","22/11936",4.54545817496902e-05,0.00824987208682283,0.00723672990072178,"SCN4B/SCN3A/SCN2B/SCN3B/SCN4A/SCN2A/SCN9A/SCN7A",8
"GO:0003777","GO:0003777","13/781","56/11936",4.96980246194146e-05,0.00824987208682283,0.00723672990072178,"KIF4A/KIF20A/KIF2C/KIF14/KIF11/KIFC1/STARD9/CENPE/KIF23/KIF26B/KIF18A/KIF15/KIF26A",13
"GO:0004714","GO:0004714","13/781","60/11936",0.000106540172709957,0.00886361986773105,0.0077751051471325,"NTRK2/EPHB1/KIT/EGFR/CRIM1/MET/EPHB6/EFEMP1/NTRK3/DDR2/TEK/RET/TYRO3",13
"GO:0019199","GO:0019199","13/781","60/11936",0.000106540172709957,0.00886361986773105,0.0077751051471325,"NTRK2/EPHB1/KIT/TGFBR2/EGFR/MET/EPHB6/NTRK3/DDR2/TEK/BMPR1B/RET/TYRO3",13
"GO:0048018","GO:0048018","38/781","307/11936",0.000106790600816037,0.00886361986773105,0.0077751051471325,"SEMA5B/INHBA/TSLP/CX3CL1/LEP/FGF1/BMP8A/GDF10/FGF2/ADIPOQ/SEMA3G/CXCL10/IL33/PTN/BMP2/SEMA3D/SEMA6D/SEMA6A/FGF10/SCGB3A1/IL34/METRN/BMP6/GREM2/NRG1/IGF1/IL6/EDN1/CXCL9/WNT11/NMB/FGF7/SEMA3A/EDN2/PTHLH/CXCL13/WNT7B/FAM3B",38
"GO:0005125","GO:0005125","25/781","173/11936",0.000148773881621414,0.0105841990067806,0.00928438509366717,"INHBA/CXCL2/TSLP/CX3CL1/BMP8A/GDF10/FGF2/ADIPOQ/CXCL10/IL33/BMP2/CCL21/CCL28/CXCL12/SCGB3A1/IL34/BMP6/NRG1/IL6/EDN1/CXCL9/WNT11/CXCL13/WNT7B/FAM3B",25
"GO:0004114","GO:0004114","7/781","21/11936",0.000258181423299883,0.0160717936004177,0.0140980645617699,"PDE1C/PDE2A/PDE11A/PDE7B/PDE9A/PDE3B/PDE8B",7
"GO:0003774","GO:0003774","13/781","66/11936",0.000292999829912871,0.0162126572551789,0.0142216291712095,"KIF4A/KIF20A/KIF2C/KIF14/KIF11/KIFC1/STARD9/CENPE/KIF23/KIF26B/KIF18A/KIF15/KIF26A",13
"GO:0004112","GO:0004112","7/781","23/11936",0.000485085888073642,0.0235342427530802,0.0206440725904212,"PDE1C/PDE2A/PDE11A/PDE7B/PDE9A/PDE3B/PDE8B",7
"GO:0001228","GO:0001228","38/781","333/11936",0.000555525020774353,0.0235342427530802,0.0206440725904212,"HLF/HOXA5/KLF15/ZBTB16/HOXA7/PLAGL1/MYBL2/EGR1/MEOX2/MEIS2/SOX10/ALX4/NFIB/NR3C1/E2F2/JUN/FOXO1/EGR2/LEF1/KLF4/MAFF/SOX17/IRX6/ATF3/NR4A1/ERG/PRDM16/CREB3L1/FOXC1/HOXA10/HOXC10/NR4A3/CEBPA/GATA3/SOX11/FOXA1/TFCP2L1/FOXI1",38
"GO:0008017","GO:0008017","29/781","232/11936",0.000577584848640382,0.0235342427530802,0.0206440725904212,"TPX2/KIF20A/DLGAP5/NUSAP1/PLK1/KIF2C/KIF14/DST/SPAG5/BIRC5/KIFC1/SKA1/FAM83D/STARD9/CENPE/KIF23/KIF26B/GTSE1/PRC1/KIF18A/KIF15/RACGAP1/CLIP4/CAPN6/CCDC69/MID1/TPPP/MAP7D3/KIF26A",29
"GO:0004713","GO:0004713","17/781","108/11936",0.000614347702389643,0.0235342427530802,0.0206440725904212,"NTRK2/MELK/TTK/EPHB1/KIT/BMX/EGFR/MET/EPHB6/NTRK3/PKDCC/DDR2/TEK/SRMS/PTK6/RET/TYRO3",17
"GO:0045499","GO:0045499","7/781","25/11936",0.000847836407642094,0.0301587522146973,0.0264550458023661,"SEMA5B/SEMA3G/SEMA3D/SEMA6D/SEMA6A/NRG1/SEMA3A",7
"GO:0004029","GO:0004029","5/781","13/11936",0.000979135379774495,0.0325072946085132,0.0285151707092221,"ALDH1L1/ALDH1A2/ALDH1A1/ALDH1A3/ALDH2",5
"GO:0008236","GO:0008236","18/781","125/11936",0.00125888844567423,0.0391829028716104,0.0343709674312372,"CFD/NAALAD2/F10/F3/FAP/MASP2/CORIN/F12/MMP9/PRSS12/KLK5/CTSG/KLK7/KLK6/HPN/KLK10/KLK11/PRSS8",18
"GO:0016709","GO:0016709","8/781","36/11936",0.00190003844519624,0.0536521131984418,0.0470632571916156,"FMO2/AKR1C1/SQLE/AKR1C2/MICAL2/AKR1C3/CYP26B1/KMO",8
"GO:0004030","GO:0004030","5/781","15/11936",0.00204696817423774,0.0536521131984418,0.0470632571916156,"ALDH1L1/ALDH1A2/ALDH1A1/ALDH1A3/ALDH2",5
"GO:0004198","GO:0004198","5/781","15/11936",0.00204696817423774,0.0536521131984418,0.0470632571916156,"CAPN11/CAPN3/CAPN6/CAPN9/CAPN13",5
"GO:0004222","GO:0004222","13/781","82/11936",0.00243311873321253,0.0599630644956442,0.052599179382144,"MMP11/ADAMTS5/MME/ADAM33/ADAMTS14/ADAMTS1/ADAM19/ECE2/MMP3/MMP9/ADAMTS18/ADAMTSL4/MMP28",13
"GO:0035497","GO:0035497","4/781","10/11936",0.00277754723255938,0.0599630644956442,0.052599179382144,"CREB5/JUN/CREB3L1/NR4A3",4
"GO:0008301","GO:0008301","5/781","16/11936",0.00281870081808176,0.0599630644956442,0.052599179382144,"TOP2A/HMGB3/LEF1/FOXC1/FOXI1",5
"GO:0005104","GO:0005104","6/781","23/11936",0.00296697733425808,0.0599630644956442,0.052599179382144,"FGF1/KL/FGF2/KLB/FGF10/FGF7",6
"GO:0030215","GO:0030215","6/781","23/11936",0.00296697733425808,0.0599630644956442,0.052599179382144,"SEMA5B/SEMA3G/SEMA3D/SEMA6D/SEMA6A/SEMA3A",6
"GO:0001067","GO:0001067","25/781","212/11936",0.00301019400078535,0.0599630644956442,0.052599179382144,"PER1/KLF15/EGR1/SNCA/PPARG/SOX10/JUN/EGR2/KLF4/TAL1/FOS/SOX17/ATF3/SOX7/PRDM16/CREB3L1/SOX6/FOXC1/HOXC13/SOX5/CEBPA/GATA3/SOX11/FOXA1/FOXI1",25
"GO:0045236","GO:0045236","5/781","17/11936",0.00378069059246628,0.0724147659633926,0.0635217245292918,"CXCL2/CXCL10/CXCL12/CXCL9/CXCL13",5
"GO:0048407","GO:0048407","4/781","11/11936",0.00414046005895163,0.0763684855317744,0.0669898995892758,"COL5A1/COL1A1/COL3A1/COL1A2",4
"GO:0019887","GO:0019887","14/781","98/11936",0.00451661584098003,0.0798576018524091,0.0700505279407098,"TPX2/CCNB2/CCNB1/CCNE2/CCNA2/SNCA/CXCL10/CDKN1C/GPRC5A/GPRC5B/CCNE1/PPP1R1B/WNT11/PRKAR2B",14
"GO:0042379","GO:0042379","9/781","50/11936",0.00465034227654591,0.0798576018524091,0.0700505279407098,"CXCL2/CX3CL1/CXCL10/CCL21/CCL28/CXCL12/S100A14/CXCL9/CXCL13",9
"GO:0004675","GO:0004675","5/781","18/11936",0.00495677457570855,0.0822824579567619,0.0721775946989139,"LTBP4/TGFBR3/TGFBR2/SOSTDC1/BMPR1B",5
"GO:0008237","GO:0008237","16/781","121/11936",0.00542366433068819,0.0871285431187974,0.0764285465954363,"MMP11/ADAMTS5/MME/ADAM33/ADAMTS14/ADAMTS1/ADAM8/ADAM19/ECE2/MMP3/MMP9/ADAMTS18/ADAMTSL4/MMP28/ANPEP/ADAM12",16
"GO:0004115","GO:0004115","4/781","12/11936",0.00589236020648652,0.0880291602299319,0.0772185616052034,"PDE2A/PDE7B/PDE3B/PDE8B",4
"GO:0005024","GO:0005024","4/781","12/11936",0.00589236020648652,0.0880291602299319,0.0772185616052034,"LTBP4/TGFBR3/TGFBR2/BMPR1B",4
"GO:0015631","GO:0015631","32/781","307/11936",0.00601002298758571,0.0880291602299319,0.0772185616052034,"TPX2/KIF20A/DLGAP5/NUSAP1/PLK1/KIF2C/KIF14/DST/SPAG5/BIRC5/KIFC1/SKA1/FAM83D/STARD9/CENPE/KIF23/KIF26B/GTSE1/PRC1/KIF18A/KIF15/RACGAP1/SNCA/NCALD/CAPN6/CCDC69/MID1/TPPP/MAP7D3/KIF26A/BRCA2/TPPP3",32
"GO:0016620","GO:0016620","5/781","20/11936",0.00804445262013604,0.114461068709364,0.100404446236284,"ALDH1A2/ALDH1A1/AKR1C3/ALDH1A3/ALDH2",5
"GO:0017080","GO:0017080","7/781","37/11936",0.00916012758955446,0.123848985358533,0.108639460840818,"FXYD1/SCN4B/SCN2B/SCN3B/SGK2/GPLD1/PRSS8",7
"GO:0008009","GO:0008009","8/781","46/11936",0.00920163144230064,0.123848985358533,0.108639460840818,"CXCL2/CX3CL1/CXCL10/CCL21/CCL28/CXCL12/CXCL9/CXCL13",8
"GO:0033764","GO:0033764","5/781","21/11936",0.0100007139223868,0.1310619877197,0.114966655894474,"AKR1C1/AKR1C2/AKR1C3/HSD17B2/HSD11B1",5
"GO:0019900","GO:0019900","43/781","461/11936",0.0116038629367486,0.148172403653866,0.12997579267883,"SPRY2/PER1/TPX2/KIF20A/CKS2/PLK1/AURKA/KIF14/FOXM1/CCNB1/KIF11/FAM83D/CCNA2/CAV1/CDC6/PRC1/MYOM1/CIT/AURKB/CAV2/RACGAP1/GSN/PTN/EGFR/NR3C1/GHR/CNKSR2/GPRC5B/RND3/ZFP36/TRIB3/ANK2/CDC25A/MYOM2/ACTA2/FAM83H/MAPK8IP2/EEF1A2/ADRA2A/NR4A3/CEBPA/RND1/SHC4",43
"GO:0001664","GO:0001664","17/781","143/11936",0.012073032930375,0.150309259983169,0.131850228055411,"GNAL/SFRP1/SAA1/PTCH2/GPRC5B/CCL21/CXCL12/S1PR1/GNAI1/PTCH1/MARCO/S100A14/WNT11/ADM/RSPO1/AGTR1/WNT7B",17
"GO:0005372","GO:0005372","4/781","15/11936",0.0138871545928536,0.166632273194014,0.146168660696504,"AQP7/AQP1/AQP5/SLC5A1",4
"GO:0001540","GO:0001540","11/781","80/11936",0.0146745769617654,0.166632273194014,0.146168660696504,"GRIA4/CRYAB/ITM2A/ADRB2/CD36/NGFR/APBA1/FZD4/MAPK8IP2/MARCO/GRIA3",11
"GO:0003688","GO:0003688","5/781","23/11936",0.0148412500694824,0.166632273194014,0.146168660696504,"CDC6/CDC45/MCM10/ORC1/MCM4",5
"GO:0005544","GO:0005544","8/781","50/11936",0.015057133119941,0.166632273194014,0.146168660696504,"ANXA1/PLA2G4A/SYT8/ANXA3/SYT15/DOC2B/SYT13/CPNE7",8
"GO:0015459","GO:0015459","8/781","50/11936",0.015057133119941,0.166632273194014,0.146168660696504,"KCNE1/KCNIP2/ADRB2/KCNMB1/SGK2/KCNAB1/ABCC9/KCNE4",8
"GO:0005523","GO:0005523","4/781","16/11936",0.0175766391844442,0.186237581145813,0.163366299250713,"LMOD1/TMOD1/TNNT3/TNNT1",4
"GO:0016655","GO:0016655","4/781","16/11936",0.0175766391844442,0.186237581145813,0.163366299250713,"AKR1C1/AKR1C2/AKR1C3/AIFM2",4
"GO:0098632","GO:0098632","7/781","42/11936",0.0181036508366595,0.187825377430342,0.164759103009072,"ROBO3/ANXA1/ROBO4/TRIM29/IGSF9/EPCAM/KRT18",7
"GO:0000217","GO:0000217","6/781","33/11936",0.0186628063398861,0.189675052189047,0.166381624727234,"CLSPN/HMGB3/RAD51AP1/RECQL4/BLM/XRCC2",6
"GO:0070851","GO:0070851","13/781","105/11936",0.0192693660260163,0.191922885619122,0.168353408437826,"TSLP/FGF1/ESM1/KL/FGF2/KLB/PDGFD/EFEMP1/FGF10/IL6/SLC9A3R1/FGF7/AGR2",13
"GO:0030165","GO:0030165","9/781","63/11936",0.0206804264589658,0.193237915567735,0.169506943480469,"KIF14/CIT/TGFBR3/USHBP1/TMEM88/CRIM1/LLGL2/FZD4/SLC9A3R1",9
"GO:0005501","GO:0005501","6/781","34/11936",0.0214461073278617,0.193237915567735,0.169506943480469,"RBP4/ALDH1A2/PTGDS/CYP26B1/CRABP2/CRABP1",6
"GO:0002020","GO:0002020","14/781","118/11936",0.021798286031155,0.193237915567735,0.169506943480469,"NTRK2/COMP/FN1/TIMP4/F3/CCBE1/FAP/ADAMTSL4/BIN1/BRCA2/VWF/COL1A1/COL3A1/COL1A2",14
"GO:0005003","GO:0005003","4/781","17/11936",0.0218215464435143,0.193237915567735,0.169506943480469,"EPHB1/EPHB6/EFNA3/EFNB3",4
"GO:0005005","GO:0005005","4/781","17/11936",0.0218215464435143,0.193237915567735,0.169506943480469,"EPHB1/EPHB6/EFNA3/EFNB3",4
"GO:0052689","GO:0052689","12/781","96/11936",0.0223956017313095,0.193237915567735,0.169506943480469,"LPL/RGN/PAFAH1B3/LCAT/LIPE/CES1/ENPP2/PLA2G4A/PNPLA7/MGLL/PNPLA2/PLA2G2A",12
"GO:0003779","GO:0003779","19/781","177/11936",0.0226431859750572,0.193237915567735,0.169506943480469,"DMD/ANLN/TMOD1/KIF18A/SYNPO2/CORO2B/SNCA/SORBS1/GSN/TNNT3/MICAL2/PLEKHH2/NCALD/TLN2/PDLIM4/PDLIM3/SYNPO/MYRIP/PIP",19
"GO:0004033","GO:0004033","3/781","10/11936",0.023669704517333,0.193237915567735,0.169506943480469,"AKR1C1/KCNAB1/AKR1C3",3
"GO:0004955","GO:0004955","3/781","10/11936",0.023669704517333,0.193237915567735,0.169506943480469,"PPARG/PTGFR/PTGER4",3
"GO:0008179","GO:0008179","3/781","10/11936",0.023669704517333,0.193237915567735,0.169506943480469,"AKAP6/AKAP12/ADCY5",3
"GO:0008603","GO:0008603","3/781","10/11936",0.023669704517333,0.193237915567735,0.169506943480469,"CXCL10/PRKAR2B/PKIB",3
"GO:0050660","GO:0050660","8/781","55/11936",0.0256842401559562,0.206302445123648,0.180967057126007,"SQLE/MICAL2/AOX1/AIFM2/LDHD/STEAP4/KMO/XDH",8
"GO:0098641","GO:0098641","4/781","18/11936",0.0266400526914589,0.210583273656294,0.184722169873942,"ANXA1/TRIM29/EPCAM/KRT18",4
"GO:0008081","GO:0008081","6/781","36/11936",0.027824179500685,0.216506896739705,0.189918330473426,"ENPP2/GPLD1/PDE11A/PLCXD3/MPPED2/ENPP3",6
"GO:0004032","GO:0004032","3/781","11/11936",0.0309931711892261,0.223689844235284,0.196219161609898,"AKR1C1/AKR1C2/AKR1C3",3
"GO:0004865","GO:0004865","3/781","11/11936",0.0309931711892261,0.223689844235284,0.196219161609898,"PPP1R14A/PPP1R1A/PPP1R14C",3
"GO:0008559","GO:0008559","3/781","11/11936",0.0309931711892261,0.223689844235284,0.196219161609898,"ABCA8/ABCB1/ABCG2",3
"GO:0017166","GO:0017166","3/781","11/11936",0.0309931711892261,0.223689844235284,0.196219161609898,"DMD/SYNM/CORO2B",3
"GO:0030553","GO:0030553","3/781","11/11936",0.0309931711892261,0.223689844235284,0.196219161609898,"PDE2A/PDE11A/CNGA1",3
"GO:0004745","GO:0004745","4/781","19/11936",0.0320452862650467,0.227979322285618,0.199981861654051,"ADH1C/ADH1A/ADH1B/AKR1C3",4
"GO:0008028","GO:0008028","5/781","28/11936",0.0331383706983929,0.23243533250422,0.203890642547562,"SLC16A3/SLC16A7/SLC9A3R1/ABCG2/SLC16A6",5
"GO:0005272","GO:0005272","6/781","38/11936",0.0353413672672578,0.244444456931866,0.214424962220935,"SCN4B/SCN3A/SCN4A/SCN2A/SCN9A/SCN7A",6
"GO:0004864","GO:0004864","5/781","29/11936",0.0379612136633964,0.256035896605198,0.224592891758945,"PPP1R14A/PPP1R1A/PTN/PPP1R1B/PPP1R14C",5
"GO:0051010","GO:0051010","4/781","20/11936",0.0380454946762744,0.256035896605198,0.224592891758945,"KIF2C/DST/KIF18A/CLIP4",4
"GO:0004252","GO:0004252","12/781","105/11936",0.0412507431151421,0.273904934284544,0.240267486214512,"F10/F3/FAP/MASP2/CORIN/F12/MMP9/PRSS12/KLK5/CTSG/KLK6/HPN",12
"GO:0008374","GO:0008374","5/781","30/11936",0.0431911083010388,0.277910559699326,0.243781192718707,"LCAT/GPAM/PLA2G4A/DGAT2/MBOAT2",5
"GO:0015370","GO:0015370","5/781","30/11936",0.0431911083010388,0.277910559699326,0.243781192718707,"SLC17A7/SLC4A4/SLC28A3/SLC34A2/SLC5A1",5
"GO:0004622","GO:0004622","4/781","21/11936",0.0446442666183656,0.277910559699326,0.243781192718707,"ENPP2/PLA2G4A/PNPLA7/MGLL",4
"GO:0008373","GO:0008373","4/781","21/11936",0.0446442666183656,0.277910559699326,0.243781192718707,"ST6GALNAC3/ST6GALNAC1/ST8SIA1/ST8SIA2",4
"GO:0042805","GO:0042805","4/781","21/11936",0.0446442666183656,0.277910559699326,0.243781192718707,"SYNPO2/PPARG/PDLIM4/PROM1",4
"GO:0015250","GO:0015250","3/781","13/11936",0.0487453359330069,0.292472015598041,0.256554399647405,"AQP7/AQP1/AQP5",3
"GO:0031420","GO:0031420","3/781","13/11936",0.0487453359330069,0.292472015598041,0.256554399647405,"ATP1A2/CAPN3/SLC34A2",3
"GO:0070700","GO:0070700","3/781","13/11936",0.0487453359330069,0.292472015598041,0.256554399647405,"BMP8A/BMP2/BMP6",3
"GO:0008270","GO:0008270","30/781","336/11936",0.0510562259103689,0.302690482182901,0.265517966827106,"MME/UHRF1/ADAM33/TK1/S100B/MT1M/PDE2A/ADH1C/ADH1A/EGR1/RGN/ADH1B/MT1X/SNCA/ENPP2/PPARG/ADAM8/BBOX1/KLF4/ALB/BLM/BHMT2/MSRB3/MMP9/SORD/TRIM2/ANPEP/MYRIP/ENPP3/CRIP1",30
"GO:0015079","GO:0015079","5/781","32/11936",0.0548870209008217,0.317834144286153,0.278801880952766,"AQP1/SLC12A8/KCNQ4/KCNK3/ABCC9",5
"GO:0042056","GO:0042056","5/781","32/11936",0.0548870209008217,0.317834144286153,0.278801880952766,"CX3CL1/FGF2/CXCL10/FGF10/FGF7",5
"GO:0005313","GO:0005313","3/781","14/11936",0.059113217128948,0.333660971068953,0.292685062341187,"SLC17A7/SLC7A11/SLC25A18",3
"GO:0016888","GO:0016888","3/781","14/11936",0.059113217128948,0.333660971068953,0.292685062341187,"EXO1/DNASE1L3/DNA2",3
"GO:0004806","GO:0004806","4/781","23/11936",0.0596301735444514,0.333660971068953,0.292685062341187,"LPL/LCAT/LIPE/PNPLA2",4
"GO:0005251","GO:0005251","5/781","33/11936",0.0613556306438459,0.339501156229281,0.297808031780071,"KCNE1/KCNB1/KCNA6/KCNQ4/KCNE4",5
"GO:0016538","GO:0016538","6/781","44/11936",0.0651928909610817,0.349132427975376,0.306256515767873,"CKS2/CCNB2/CCNB1/CCNE2/CCNA2/CCNE1",6
"GO:0046982","GO:0046982","18/781","188/11936",0.0668737982733124,0.349132427975376,0.306256515767873,"TOP2A/AURKA/ATP1A2/PAFAH1B3/MLXIPL/AOC3/KCNB1/TUBB2B/ATF3/ATP1B2/NR4A1/BMP6/CEACAM6/FZD4/EPAS1/AGTR1/ADRA2A/ARNT2",18
"GO:0005179","GO:0005179","9/781","78/11936",0.0676523298910807,0.349132427975376,0.306256515767873,"INHBA/LEP/ADIPOQ/METRN/IGF1/EDN1/NMB/EDN2/PTHLH",9
"GO:0032561","GO:0032561","20/781","214/11936",0.0679655986515177,0.349132427975376,0.306256515767873,"PDE2A/TUBB3/PCK1/MRAS/RHOJ/PDE11A/ARL4A/RND3/TUBB2B/RAB26/GNAI1/MPPED2/RHOU/RAB31/RRAD/CNGA1/GIMAP7/DIRAS3/GBP5/RND1",20
"GO:0008198","GO:0008198","4/781","24/11936",0.0680037058506254,0.349132427975376,0.306256515767873,"TF/CDO1/SNCA/HAAO",4
"GO:0050431","GO:0050431","4/781","24/11936",0.0680037058506254,0.349132427975376,0.306256515767873,"LTBP4/TGFBR3/CD36/TGFBR2",4
"GO:0051393","GO:0051393","4/781","24/11936",0.0680037058506254,0.349132427975376,0.306256515767873,"SYNPO2/PPARG/PDLIM4/PDLIM3",4
"GO:0016646","GO:0016646","3/781","15/11936",0.0704197327629715,0.350690269159598,0.307623043122455,"ALDH1L1/PYCR1/AASS",3
"GO:0051371","GO:0051371","3/781","15/11936",0.0704197327629715,0.350690269159598,0.307623043122455,"SYNPO2/PDLIM4/PDLIM3",3
"GO:0086008","GO:0086008","3/781","15/11936",0.0704197327629715,0.350690269159598,0.307623043122455,"KCNE1/KCNIP2/KCNE4",3
"GO:0017022","GO:0017022","7/781","56/11936",0.0714004700447784,0.352053802795046,0.308819125258812,"DMD/GSN/LARP6/LLGL2/MYBPC1/MYRIP/RAB25",7
"GO:0005267","GO:0005267","10/781","91/11936",0.0731277821674537,0.35703564234698,0.313189159953491,"KCNE1/KCNMB1/AQP1/KCNB1/KCNA6/KCNQ4/KCNK3/KCNK15/ABCC9/KCNK2",10
"GO:0004715","GO:0004715","5/781","35/11936",0.0755265458543046,0.365167182868386,0.320322090235426,"MELK/BMX/PKDCC/SRMS/PTK6",5
"GO:0071949","GO:0071949","4/781","25/11936",0.0769492380610491,0.365389196257283,0.320516838822178,"SQLE/MICAL2/STEAP4/KMO",4
"GO:0046943","GO:0046943","7/781","57/11936",0.077039890777138,0.365389196257283,0.320516838822178,"ABCB1/SLC16A3/SLC16A7/SLC6A14/SLC7A5/SLC16A6/SLC7A4",7
"GO:0046914","GO:0046914","37/781","445/11936",0.0780752491503722,0.3668063592159,0.321759964224474,"MME/UHRF1/ADAM33/TK1/S100B/MT1M/PDE2A/ADH1C/ADH1A/EGR1/RGN/ADH1B/PCK1/MT1X/SNCA/ENPP2/AOC3/PPARG/ADAM8/BBOX1/KLF4/SOD3/AOX1/ALB/BLM/BHMT2/MSRB3/MPPED2/MMP9/SORD/TRIM2/ANPEP/MYRIP/ENPP3/ABO/CRIP1/LTF",37
"GO:0015101","GO:0015101","3/781","16/11936",0.0826142928195547,0.377448787377415,0.331095427524049,"SLC22A3/SLC29A4/SLC44A4",3
"GO:0022841","GO:0022841","3/781","16/11936",0.0826142928195547,0.377448787377415,0.331095427524049,"KCNK3/KCNK15/KCNK2",3
"GO:0070696","GO:0070696","3/781","16/11936",0.0826142928195547,0.377448787377415,0.331095427524049,"BMP8A/BMP2/BMP6",3
"GO:0022839","GO:0022839","4/781","26/11936",0.0864514891916751,0.389116897189759,0.341330611569964,"TTYH1/ANO5/CLCA2/TMEM63C",4
"GO:0008528","GO:0008528","9/781","82/11936",0.0867308746748257,0.389116897189759,0.341330611569964,"OXTR/ADCYAP1R1/AVPR2/NPR1/EDNRB/PTH1R/LGR4/PTH2R/NPR3",9
"GO:0004175","GO:0004175","27/781","315/11936",0.0905111825203062,0.402451507992076,0.35302763858954,"MMP11/ADAMTS5/MME/ADAM33/ADAMTS14/SFRP1/ADAMTS1/ESPL1/F10/F3/ADAM19/FAP/ECE2/MASP2/CORIN/F12/MMP3/MMP9/PRSS12/ADAMTS18/ADAMTSL4/MMP28/KLK5/CTSG/KLK6/HPN/PIP",27
"GO:0000400","GO:0000400","3/781","17/11936",0.0956413099001349,0.410598037329889,0.360173716956043,"HMGB3/BLM/XRCC2",3
"GO:0005229","GO:0005229","3/781","17/11936",0.0956413099001349,0.410598037329889,0.360173716956043,"TTYH1/ANO5/CLCA2",3
"GO:0008106","GO:0008106","3/781","17/11936",0.0956413099001349,0.410598037329889,0.360173716956043,"AKR1C1/AKR1C2/AKR1C3",3
"GO:0061778","GO:0061778","3/781","17/11936",0.0956413099001349,0.410598037329889,0.360173716956043,"TTYH1/ANO5/CLCA2",3
"GO:0016298","GO:0016298","6/781","49/11936",0.0986577838968033,0.41992800325306,0.368357897590404,"LPL/LCAT/LIPE/CES1/MGLL/PNPLA2",6
"GO:0004712","GO:0004712","4/781","28/11936",0.107051387464498,0.4517931437061,0.39630977518079,"AURKA/TTK/AURKB/MAPK10",4
"GO:0070182","GO:0070182","3/781","18/11936",0.10944156134187,0.457999139060935,0.401753630755206,"RAD51/FANCI/CDT1",3
"GO:0016616","GO:0016616","9/781","87/11936",0.114641253901873,0.475761203692772,0.417334389204186,"ADH1C/ADH1A/ADH1B/AKR1C1/KCNAB1/AKR1C3/SORD/LDHB/LDHD",9
"GO:0030295","GO:0030295","7/781","63/11936",0.116122333361286,0.477924975321656,0.41923243449268,"SPRY2/TPX2/GPRC5A/GPRC5B/NRG1/WNT11/LTF",7
"GO:0019894","GO:0019894","4/781","29/11936",0.118105815272674,0.482104065621243,0.422898303176529,"FAM83D/PRC1/SNCA/MAPK8IP2",4
"GO:0004896","GO:0004896","9/781","88/11936",0.120755477855367,0.488912422536364,0.42887054608453,"IL11RA/LIFR/LEPR/CNTFR/F3/GHR/GFRA2/IL17RD/FZD4",9
"GO:0017116","GO:0017116","3/781","19/11936",0.123953362918774,0.493830197868397,0.433184384095085,"RAD51/POLQ/DNA2",3
"GO:0022840","GO:0022840","3/781","19/11936",0.123953362918774,0.493830197868397,0.433184384095085,"KCNK3/KCNK15/KCNK2",3
"GO:0070888","GO:0070888","5/781","41/11936",0.127465424878185,0.500904530474049,0.439389939012323,"PER1/ATOH8/PPARG/TAL1/GATA3",5
"GO:0030291","GO:0030291","4/781","30/11936",0.129631154806771,0.500904530474049,0.439389939012323,"SPRY2/CIT/PRKAR2B/PKIB",4
"GO:0008238","GO:0008238","6/781","53/11936",0.130833442998456,0.500904530474049,0.439389939012323,"MME/NAALAD2/FAP/XPNPEP2/PM20D2/ANPEP",6
"GO:0004859","GO:0004859","2/781","10/11936",0.135787372718869,0.500904530474049,0.439389939012323,"ANXA1/SNCA",2
"GO:0008330","GO:0008330","2/781","10/11936",0.135787372718869,0.500904530474049,0.439389939012323,"DUSP6/DUSP1",2
"GO:0015293","GO:0015293","2/781","10/11936",0.135787372718869,0.500904530474049,0.439389939012323,"SLC4A4/SLC28A3",2
"GO:0017017","GO:0017017","2/781","10/11936",0.135787372718869,0.500904530474049,0.439389939012323,"DUSP6/DUSP1",2
"GO:0032357","GO:0032357","2/781","10/11936",0.135787372718869,0.500904530474049,0.439389939012323,"RECQL4/BLM",2
"GO:0042301","GO:0042301","2/781","10/11936",0.135787372718869,0.500904530474049,0.439389939012323,"PDE2A/SLC34A2",2
"GO:1990825","GO:1990825","2/781","10/11936",0.135787372718869,0.500904530474049,0.439389939012323,"TYMS/LARP6",2
"GO:0048020","GO:0048020","5/781","42/11936",0.137393734636293,0.503103528300544,0.441318884474161,"CX3CL1/NES/CCL21/DEFB1/CXCL13",5
"GO:0005506","GO:0005506","6/781","54/11936",0.139577443947496,0.507319969380413,0.445017517000362,"TF/CDO1/SNCA/AOX1/HAAO/LTF",6
"GO:0019209","GO:0019209","4/781","31/11936",0.141601356915416,0.507319969380413,0.445017517000362,"TPX2/GPRC5A/GPRC5B/WNT11",4
"GO:0033293","GO:0033293","4/781","31/11936",0.141601356915416,0.507319969380413,0.445017517000362,"AKR1C1/AKR1C2/AKR1C3/CYP26B1",4
"GO:0004860","GO:0004860","5/781","43/11936",0.147651192645655,0.511092494085658,0.448326749197946,"SPRY2/CIT/SNCA/CDKN1C/PPP1R1B",5
"GO:0005126","GO:0005126","10/781","105/11936",0.148531227327141,0.511092494085658,0.448326749197946,"TSLP/LIFR/TGFBR3/TNFSF4/CCL21/CXCL12/SOCS2/IL34/IL6/S100A14",10
"GO:0016407","GO:0016407","4/781","32/11936",0.153989119203216,0.511092494085658,0.448326749197946,"ESCO2/PAFAH1B3/LCAT/NAT8L",4
"GO:0017134","GO:0017134","3/781","21/11936",0.154858459685436,0.511092494085658,0.448326749197946,"KL/KLB/CXCL13",3
"GO:0030170","GO:0030170","3/781","21/11936",0.154858459685436,0.511092494085658,0.448326749197946,"SDS/PYGM/ALB",3
"GO:0035035","GO:0035035","3/781","21/11936",0.154858459685436,0.511092494085658,0.448326749197946,"EGR1/FOXP3/EPAS1",3
"GO:0051427","GO:0051427","3/781","21/11936",0.154858459685436,0.511092494085658,0.448326749197946,"LEP/SOCS2/PTHLH",3
"GO:0005217","GO:0005217","2/781","11/11936",0.159074973058789,0.511092494085658,0.448326749197946,"RYR3/RYR1",2
"GO:0005221","GO:0005221","2/781","11/11936",0.159074973058789,0.511092494085658,0.448326749197946,"AQP1/CNGA1",2
"GO:0005436","GO:0005436","2/781","11/11936",0.159074973058789,0.511092494085658,0.448326749197946,"SLC17A7/SLC34A2",2
"GO:0008239","GO:0008239","2/781","11/11936",0.159074973058789,0.511092494085658,0.448326749197946,"NAALAD2/FAP",2
"GO:0015271","GO:0015271","2/781","11/11936",0.159074973058789,0.511092494085658,0.448326749197946,"KCNIP2/KCNK2",2
"GO:0031404","GO:0031404","2/781","11/11936",0.159074973058789,0.511092494085658,0.448326749197946,"NLGN4X/NPR3",2
"GO:0045159","GO:0045159","2/781","11/11936",0.159074973058789,0.511092494085658,0.448326749197946,"GSN/LLGL2",2
"GO:0046965","GO:0046965","2/781","11/11936",0.159074973058789,0.511092494085658,0.448326749197946,"PPARG/TACC1",2
"GO:1990459","GO:1990459","2/781","11/11936",0.159074973058789,0.511092494085658,0.448326749197946,"TF/RGMA",2
"GO:0005507","GO:0005507","5/781","45/11936",0.169092683728986,0.539795874980993,0.473505153492099,"SNCA/AOC3/SOD3/ALB/SNCG",5
"GO:0008138","GO:0008138","3/781","22/11936",0.171124406654378,0.542802258050191,0.476142331622975,"CDKN3/DUSP6/DUSP1",3
"GO:0005525","GO:0005525","16/781","189/11936",0.174490695533435,0.549977002377536,0.482435966997839,"TUBB3/PCK1/MRAS/RHOJ/ARL4A/RND3/TUBB2B/RAB26/GNAI1/RHOU/RAB31/RRAD/GIMAP7/DIRAS3/GBP5/RND1",16
"GO:0015267","GO:0015267","5/781","46/11936",0.180244506294284,0.55915912346539,0.490490459180167,"AQP7/AQP1/SLC14A1/AQP5/KCNK3",5
"GO:0033549","GO:0033549","2/781","12/11936",0.183017946033853,0.55915912346539,0.490490459180167,"DUSP6/DUSP1",2
"GO:0036122","GO:0036122","2/781","12/11936",0.183017946033853,0.55915912346539,0.490490459180167,"SOSTDC1/GREM2",2
"GO:0051537","GO:0051537","2/781","12/11936",0.183017946033853,0.55915912346539,0.490490459180167,"AOX1/XDH",2
"GO:1902282","GO:1902282","2/781","12/11936",0.183017946033853,0.55915912346539,0.490490459180167,"KCNE1/KCNE4",2
"GO:0004435","GO:0004435","3/781","23/11936",0.187848541620866,0.563545624862599,0.494338267423332,"F2RL2/PLCH2/CHRM1",3
"GO:0019212","GO:0019212","3/781","23/11936",0.187848541620866,0.563545624862599,0.494338267423332,"TESC/PTN/PPP1R1B",3
"GO:0030551","GO:0030551","3/781","23/11936",0.187848541620866,0.563545624862599,0.494338267423332,"PDE2A/PDE11A/CNGA1",3
"GO:1990782","GO:1990782","7/781","72/11936",0.190247883048214,0.567326022503057,0.497654405704436,"PHYHIP/PTPN14/LRP4/ANGPT1/NRG1/SHC4/BANK1",7
"GO:0004620","GO:0004620","7/781","73/11936",0.199475194001667,0.591301467933512,0.518685498187292,"LPL/ENPP2/GPLD1/PLA2G4A/PNPLA7/MGLL/PLA2G2A",7
"GO:0071813","GO:0071813","3/781","24/11936",0.204969232445186,0.594392546935222,0.521396970995809,"GPIHBP1/LPL/CD36",3
"GO:0098631","GO:0098631","3/781","24/11936",0.204969232445186,0.594392546935222,0.521396970995809,"ROBO3/ROBO4/IGSF9",3
"GO:0016307","GO:0016307","2/781","13/11936",0.20743114787037,0.594392546935222,0.521396970995809,"PIK3C2G/PIP5K1B",2
"GO:0031432","GO:0031432","2/781","13/11936",0.20743114787037,0.594392546935222,0.521396970995809,"CAPN3/MYBPC1",2
"GO:0047372","GO:0047372","2/781","13/11936",0.20743114787037,0.594392546935222,0.521396970995809,"LIPE/MGLL",2
"GO:0008083","GO:0008083","8/781","87/11936",0.208363685499485,0.594392546935222,0.521396970995809,"INHBA/FGF1/FGF2/PTN/FGF10/NRG1/IL6/FGF7",8
"GO:0004725","GO:0004725","7/781","74/11936",0.208872882959164,0.594392546935222,0.521396970995809,"CDKN3/CDC14B/PTPRZ1/PTPN14/CDC14C/DUSP1/CDC25A",7
"GO:0015171","GO:0015171","5/781","49/11936",0.215219623377255,0.608973707056096,0.534187462329909,"SLC6A14/SLC9A3R1/SLC7A5/SLC7A11/SLC7A4",5
"GO:0004722","GO:0004722","6/781","62/11936",0.218179677943937,0.613861466757517,0.538474970839928,"CDKN3/CDC14B/LRRC2/CDC14C/DUSP1/PPM1J",6
"GO:0043539","GO:0043539","4/781","37/11936",0.221180106533124,0.618807264345482,0.542813389776738,"SPRY2/CKS2/CCNB1/LTF",4
"GO:0004629","GO:0004629","3/781","25/11936",0.22242650440666,0.618817872595065,0.542822695258829,"F2RL2/PLCH2/CHRM1",3
"GO:0005159","GO:0005159","2/781","14/11936",0.232150802993941,0.638735358513715,0.560294174134838,"SOCS2/IGF1",2
"GO:0051428","GO:0051428","2/781","14/11936",0.232150802993941,0.638735358513715,0.560294174134838,"LEP/PTHLH",2
"GO:0005254","GO:0005254","6/781","64/11936",0.239829861575294,0.656237753101628,0.575647151843534,"FXYD1/TTYH1/GABRE/GABRP/ANO5/CLCA2",6
"GO:0035639","GO:0035639","34/781","460/11936",0.251831262119752,0.685311303473424,0.601150266204758,"PLK1/KIF14/ATP1A2/KIFC1/SYN2/PDK4/RAD51/NUAK2/TUBB3/PCK1/SMC4/MRAS/ABCB1/RHOJ/TRIP13/SIK2/ARL4A/RND3/ABCD2/TUBB2B/RAB26/BLM/GNAI1/RHOU/RAB31/RRAD/GIMAP7/ABCC6/DIRAS3/BMPR1B/RYR1/GBP5/ABCA12/RND1",34
"GO:0015149","GO:0015149","2/781","15/11936",0.257032506106397,0.691903719140463,0.606933086965319,"SLC2A4/SLC5A1",2
"GO:0015172","GO:0015172","2/781","15/11936",0.257032506106397,0.691903719140463,0.606933086965319,"SLC17A7/SLC25A18",2
"GO:0004869","GO:0004869","4/781","40/11936",0.26462831056076,0.701257088259713,0.615137796719047,"BIRC5/PTTG1/SNCA/LTF",4
"GO:0030414","GO:0030414","4/781","40/11936",0.26462831056076,0.701257088259713,0.615137796719047,"PROS1/GPC3/TFPI/SLPI",4
"GO:0001221","GO:0001221","5/781","53/11936",0.264731591551859,0.701257088259713,0.615137796719047,"PER1/ZBTB16/CIT/EZH2/THRB",5
"GO:0051287","GO:0051287","3/781","28/11936",0.276249493299668,0.727517088455774,0.638172884610328,"ALDH1A1/SORD/ALDH2",3
"GO:0010314","GO:0010314","2/781","16/11936",0.281949393718804,0.727517088455774,0.638172884610328,"JPH2/PLA2G4A",2
"GO:0015556","GO:0015556","2/781","16/11936",0.281949393718804,0.727517088455774,0.638172884610328,"SLC13A2/SLC25A18",2
"GO:0043138","GO:0043138","2/781","16/11936",0.281949393718804,0.727517088455774,0.638172884610328,"RECQL4/BLM",2
"GO:0047498","GO:0047498","2/781","16/11936",0.281949393718804,0.727517088455774,0.638172884610328,"PLA2G4A/PLA2G2A",2
"GO:0005249","GO:0005249","7/781","82/11936",0.289132589552357,0.742206338129248,0.651058191341445,"KCNE1/KCNIP2/KCNB1/KCNA6/KCNQ4/KCNE4/KCNK2",7
"GO:0001222","GO:0001222","3/781","29/11936",0.294496840764321,0.752099624105803,0.659736512373512,"PER1/ZBTB16/EZH2",3
"GO:0030971","GO:0030971","5/781","56/11936",0.303388934262777,0.763908274187619,0.67009497735756,"PTPN14/LRP4/ANGPT1/NRG1/SHC4",5
"GO:0004970","GO:0004970","2/781","17/11936",0.306790471561293,0.763908274187619,0.67009497735756,"GRIA4/GRIA3",2
"GO:0008509","GO:0008509","2/781","17/11936",0.306790471561293,0.763908274187619,0.67009497735756,"SLC22A3/ABCG2",2
"GO:0015278","GO:0015278","2/781","17/11936",0.306790471561293,0.763908274187619,0.67009497735756,"RYR3/RYR1",2
"GO:0031690","GO:0031690","2/781","17/11936",0.306790471561293,0.763908274187619,0.67009497735756,"SLC9A3R1/ADRA2A",2
"GO:0005261","GO:0005261","8/781","98/11936",0.311074260212328,0.770721301421588,0.676071317036481,"AQP1/PKD1L2/TRPM6/KCNQ4/KCNK3/RYR1/ABCC9/TMEM63C",8
"GO:0019888","GO:0019888","5/781","57/11936",0.316469207730147,0.780206264602046,0.684391460177233,"PTN/PPP2R2C/RCAN1/PPP1R16B/PPP1R1B",5
"GO:0005160","GO:0005160","2/781","18/11936",0.331459085338721,0.797423306756922,0.699494128734142,"TGFBR3/TGFBR2",2
"GO:0016628","GO:0016628","2/781","18/11936",0.331459085338721,0.797423306756922,0.699494128734142,"AKR1C1/AKR1C2",2
"GO:0016702","GO:0016702","2/781","18/11936",0.331459085338721,0.797423306756922,0.699494128734142,"CDO1/HAAO",2
"GO:0042974","GO:0042974","2/781","18/11936",0.331459085338721,0.797423306756922,0.699494128734142,"PPARG/TACC1",2
"GO:0070063","GO:0070063","2/781","18/11936",0.331459085338721,0.797423306756922,0.699494128734142,"ZFP36/BIN1",2
"GO:0004866","GO:0004866","9/781","115/11936",0.338751254199195,0.805709910007506,0.706763078953953,"PTTG1/PROS1/TIMP4/TFPI/BIN1/TFPI2/SLPI/SERPINB5/LTF",9
"GO:0005080","GO:0005080","4/781","45/11936",0.339757190967021,0.805709910007506,0.706763078953953,"TOP2A/ADCY4/PARD6B/NELL2",4
"GO:0140603","GO:0140603","4/781","45/11936",0.339757190967021,0.805709910007506,0.706763078953953,"KIF14/ABCD2/DNA2/KIF26A",4
"GO:0051117","GO:0051117","6/781","73/11936",0.343326528327853,0.810315692451521,0.710803238992562,"CAV1/EGFR/ATP1B2/ANK2/HRC/S100A1",6
"GO:0004890","GO:0004890","2/781","19/11936",0.355871523270479,0.820481567540271,0.71972067328094,"GABRE/GABRP",2
"GO:0005227","GO:0005227","2/781","19/11936",0.355871523270479,0.820481567540271,0.71972067328094,"KCNMB1/TMEM63C",2
"GO:0030506","GO:0030506","2/781","19/11936",0.355871523270479,0.820481567540271,0.71972067328094,"SPTBN1/FLNC",2
"GO:0070412","GO:0070412","2/781","19/11936",0.355871523270479,0.820481567540271,0.71972067328094,"JUN/FOS",2
"GO:0099604","GO:0099604","2/781","19/11936",0.355871523270479,0.820481567540271,0.71972067328094,"RYR3/RYR1",2
"GO:0000287","GO:0000287","11/781","146/11936",0.358881156270955,0.823607446188643,0.722462672095301,"TOP2A/PLK1/TESC/PDE2A/NUAK2/S100P/PCK1/SNCA/SIK2/GNAI1/TPPP",11
"GO:0061629","GO:0061629","14/781","190/11936",0.362050019621176,0.827068393446541,0.725498590742579,"PITX1/LDB2/PPARG/JUN/EGR2/KLF4/TAL1/FOS/FOXP3/HES6/PPARGC1A/TACC1/HEY2/ARNT2",14
"GO:0019210","GO:0019210","3/781","33/11936",0.367759718827698,0.83627552500545,0.733575021934605,"SNCA/CDKN1C/PPP1R1B",3
"GO:0001223","GO:0001223","2/781","20/11936",0.379955739749246,0.856189856991515,0.751043734203083,"CIT/THRB",2
"GO:0004520","GO:0004520","2/781","20/11936",0.379955739749246,0.856189856991515,0.751043734203083,"EXO1/DNA2",2
"GO:0008324","GO:0008324","4/781","48/11936",0.38530322572896,0.858111761292613,0.752729615168959,"SLC22A3/SLC6A14/SLC7A5/SLC29A4",4
"GO:0005109","GO:0005109","3/781","34/11936",0.385939359875825,0.858111761292613,0.752729615168959,"SFRP1/WNT11/WNT7B",3
"GO:0020037","GO:0020037","7/781","91/11936",0.385977980983023,0.858111761292613,0.752729615168959,"HBB/CYP11A1/PTGS2/CAT/PTGIS/CYP26B1/STEAP4",7
"GO:0005355","GO:0005355","2/781","21/11936",0.403650190282279,0.867888282370955,0.761305510851715,"SLC2A4/SLC5A1",2
"GO:0008080","GO:0008080","2/781","21/11936",0.403650190282279,0.867888282370955,0.761305510851715,"NAT8L/NAT1",2
"GO:0043027","GO:0043027","2/781","21/11936",0.403650190282279,0.867888282370955,0.761305510851715,"BIRC5/SNCA",2
"GO:0046875","GO:0046875","2/781","21/11936",0.403650190282279,0.867888282370955,0.761305510851715,"EFNA3/EFNB3",2
"GO:0061631","GO:0061631","3/781","35/11936",0.403992604915152,0.867888282370955,0.761305510851715,"UBE2T/UBE2C/UBE2S",3
"GO:0042826","GO:0042826","7/781","93/11936",0.407802708498143,0.867888282370955,0.761305510851715,"TOP2A/KPNA2/LEF1/TAL1/FOXP3/HEY2/HOXA10",7
"GO:0015485","GO:0015485","4/781","50/11936",0.415473621142025,0.867888282370955,0.761305510851715,"CAV1/APOD/PTCH1/PROM1",4
"GO:0050661","GO:0050661","3/781","36/11936",0.421888270825669,0.867888282370955,0.761305510851715,"KCNAB1/CAT/HSD11B1",3
"GO:0000030","GO:0000030","2/781","22/11936",0.426902768645069,0.867888282370955,0.761305510851715,"TMTC1/DPY19L2",2
"GO:0016504","GO:0016504","2/781","22/11936",0.426902768645069,0.867888282370955,0.761305510851715,"CAV1/PCOLCE2",2
"GO:0016917","GO:0016917","2/781","22/11936",0.426902768645069,0.867888282370955,0.761305510851715,"GABRE/GABRP",2
"GO:0034237","GO:0034237","2/781","22/11936",0.426902768645069,0.867888282370955,0.761305510851715,"WASF3/AKAP6",2
"GO:0035925","GO:0035925","2/781","22/11936",0.426902768645069,0.867888282370955,0.761305510851715,"RBMS3/ZFP36",2
"GO:0070566","GO:0070566","2/781","22/11936",0.426902768645069,0.867888282370955,0.761305510851715,"NMNAT2/OASL",2
"GO:0005245","GO:0005245","3/781","37/11936",0.439597814733835,0.867888282370955,0.761305510851715,"CACHD1/RYR1/CACNG4",3
"GO:0005246","GO:0005246","3/781","37/11936",0.439597814733835,0.867888282370955,0.761305510851715,"NRXN1/RRAD/CACNG4",3
"GO:0008157","GO:0008157","2/781","23/11936",0.44966983788547,0.867888282370955,0.761305510851715,"PPP1R16B/SH3RF2",2
"GO:0043015","GO:0043015","2/781","23/11936",0.44966983788547,0.867888282370955,0.761305510851715,"RACGAP1/BRCA2",2
"GO:0003697","GO:0003697","7/781","97/11936",0.451271889014273,0.867888282370955,0.761305510851715,"RAD51/CDC45/MCM10/RAD51AP1/MCM4/BLM/BRCA2",7
"GO:0022843","GO:0022843","7/781","97/11936",0.451271889014273,0.867888282370955,0.761305510851715,"KCNE1/CACHD1/KCNB1/KCNA6/KCNQ4/RYR1/CACNG4",7
"GO:0017111","GO:0017111","19/781","278/11936",0.456265337338358,0.867888282370955,0.761305510851715,"KIF14/GNAL/KIF15/MRAS/RHOJ/GNG11/RND3/ABCD2/DNA2/GNAI1/TPPP/RHOU/RAB31/KIF26A/GIMAP7/DIRAS3/EEF1A2/GBP5/RND1",19
"GO:0061650","GO:0061650","3/781","38/11936",0.457095251490106,0.867888282370955,0.761305510851715,"UBE2T/UBE2C/UBE2S",3
"GO:0015179","GO:0015179","4/781","53/11936",0.460041487801518,0.867888282370955,0.761305510851715,"SLC17A7/SLC7A5/SLC7A11/SLC25A18",4
"GO:0005253","GO:0005253","5/781","68/11936",0.461364190230271,0.867888282370955,0.761305510851715,"FXYD1/GABRE/GABRP/ANO5/CLCA2",5
"GO:0008514","GO:0008514","10/781","144/11936",0.470186625417951,0.867888282370955,0.761305510851715,"SLC17A7/CD36/SLC22A3/SLC16A7/SLC6A14/SLC9A3R1/SLC7A5/ABCG2/SLC44A4/SLC25A18",10
"GO:0080025","GO:0080025","2/781","24/11936",0.47191534747095,0.867888282370955,0.761305510851715,"JPH2/PLEKHA4",2
"GO:0032266","GO:0032266","3/781","39/11936",0.474357062241982,0.867888282370955,0.761305510851715,"JPH2/PLA2G4A/PLEKHA4",3
"GO:0016462","GO:0016462","4/781","54/11936",0.474644612990435,0.867888282370955,0.761305510851715,"CILP2/ALPL/PRUNE2/ENPP3",4
"GO:0044389","GO:0044389","19/781","282/11936",0.481829949803892,0.867888282370955,0.761305510851715,"PER1/UBE2T/UBE2C/CCNB1/ABCB1/TXNIP/EGFR/NGFR/JUN/FOXO1/EGR2/MID1/TRIB3/DTX1/PPARGC1A/FZD4/ISG15/SNCAIP/PRKAR2B",19
"GO:0004930","GO:0004930","19/781","283/11936",0.488198554892131,0.867888282370955,0.761305510851715,"OXTR/ADCYAP1R1/ADRB2/AVPR2/NPR1/P2RY12/HCAR2/MRGPRF/LGR6/S1PR1/PTH1R/LGR4/CNR1/ADORA2A/F2RL2/AGTR1/ADRA2A/PTH2R/NPR3",19
"GO:0048156","GO:0048156","3/781","40/11936",0.491362096162081,0.867888282370955,0.761305510851715,"S100B/SNCA/BIN1",3
"GO:0008503","GO:0008503","1/781","10/11936",0.49184881073668,0.867888282370955,0.761305510851715,"GABRE",1
"GO:0008519","GO:0008519","1/781","10/11936",0.49184881073668,0.867888282370955,0.761305510851715,"AQP1",1
"GO:0008970","GO:0008970","1/781","10/11936",0.49184881073668,0.867888282370955,0.761305510851715,"LPL",1
"GO:0010485","GO:0010485","1/781","10/11936",0.49184881073668,0.867888282370955,0.761305510851715,"BRCA2",1
"GO:0015377","GO:0015377","1/781","10/11936",0.49184881073668,0.867888282370955,0.761305510851715,"SLC12A8",1
"GO:0016303","GO:0016303","1/781","10/11936",0.49184881073668,0.867888282370955,0.761305510851715,"PIK3C2G",1
"GO:0035251","GO:0035251","1/781","10/11936",0.49184881073668,0.867888282370955,0.761305510851715,"GYG2",1
"GO:0045028","GO:0045028","1/781","10/11936",0.49184881073668,0.867888282370955,0.761305510851715,"P2RY12",1
"GO:0046974","GO:0046974","1/781","10/11936",0.49184881073668,0.867888282370955,0.761305510851715,"PRDM16",1
"GO:0047429","GO:0047429","1/781","10/11936",0.49184881073668,0.867888282370955,0.761305510851715,"ENPP3",1
"GO:0051880","GO:0051880","1/781","10/11936",0.49184881073668,0.867888282370955,0.761305510851715,"BLM",1
"GO:0061665","GO:0061665","1/781","10/11936",0.49184881073668,0.867888282370955,0.761305510851715,"EGR2",1
"GO:0070410","GO:0070410","1/781","10/11936",0.49184881073668,0.867888282370955,0.761305510851715,"CITED1",1
"GO:0070697","GO:0070697","1/781","10/11936",0.49184881073668,0.867888282370955,0.761305510851715,"INHBA",1
"GO:1901612","GO:1901612","1/781","10/11936",0.49184881073668,0.867888282370955,0.761305510851715,"MME",1
"GO:0048027","GO:0048027","2/781","25/11936",0.49361002947654,0.867888282370955,0.761305510851715,"LARP6/IGF2BP2",2
"GO:0031406","GO:0031406","3/781","41/11936",0.508091467124781,0.867888282370955,0.761305510851715,"PCK1/AKR1C1/AKR1C2",3
"GO:0005154","GO:0005154","2/781","26/11936",0.514730667269882,0.867888282370955,0.761305510851715,"EFEMP1/AGR2",2
"GO:0070273","GO:0070273","2/781","26/11936",0.514730667269882,0.867888282370955,0.761305510851715,"JPH2/PLA2G4A",2
"GO:0005048","GO:0005048","3/781","42/11936",0.524528446887202,0.867888282370955,0.761305510851715,"KCNIP2/KPNA2/CAT",3
"GO:0004089","GO:0004089","1/781","11/11936",0.525126194504469,0.867888282370955,0.761305510851715,"CA4",1
"GO:0004709","GO:0004709","1/781","11/11936",0.525126194504469,0.867888282370955,0.761305510851715,"EGFR",1
"GO:0004875","GO:0004875","1/781","11/11936",0.525126194504469,0.867888282370955,0.761305510851715,"CR1",1
"GO:0005078","GO:0005078","1/781","11/11936",0.525126194504469,0.867888282370955,0.761305510851715,"MAPK8IP2",1
"GO:0005230","GO:0005230","1/781","11/11936",0.525126194504469,0.867888282370955,0.761305510851715,"GABRE",1
"GO:0005540","GO:0005540","1/781","11/11936",0.525126194504469,0.867888282370955,0.761305510851715,"LYVE1",1
"GO:0015651","GO:0015651","1/781","11/11936",0.525126194504469,0.867888282370955,0.761305510851715,"SLC22A3",1
"GO:0016208","GO:0016208","1/781","11/11936",0.525126194504469,0.867888282370955,0.761305510851715,"MPPED2",1
"GO:0016408","GO:0016408","1/781","11/11936",0.525126194504469,0.867888282370955,0.761305510851715,"ACSM5",1
"GO:0017154","GO:0017154","1/781","11/11936",0.525126194504469,0.867888282370955,0.761305510851715,"PLXNA4",1
"GO:0031005","GO:0031005","1/781","11/11936",0.525126194504469,0.867888282370955,0.761305510851715,"SYNPO2",1
"GO:0031996","GO:0031996","1/781","11/11936",0.525126194504469,0.867888282370955,0.761305510851715,"ADRA2A",1
"GO:0035250","GO:0035250","1/781","11/11936",0.525126194504469,0.867888282370955,0.761305510851715,"UGT8",1
"GO:0035325","GO:0035325","1/781","11/11936",0.525126194504469,0.867888282370955,0.761305510851715,"CD36",1
"GO:0004177","GO:0004177","2/781","27/11936",0.535259430666086,0.867888282370955,0.761305510851715,"XPNPEP2/ANPEP",2
"GO:0004364","GO:0004364","2/781","27/11936",0.535259430666086,0.867888282370955,0.761305510851715,"GSTM5/GSTM2",2
"GO:0004197","GO:0004197","7/781","105/11936",0.535841961103783,0.867888282370955,0.761305510851715,"CAPN11/SFRP1/ESPL1/CAPN3/CAPN6/CAPN9/CAPN13",7
"GO:0032559","GO:0032559","20/781","306/11936",0.535950512228803,0.867888282370955,0.761305510851715,"PLK1/KIF14/ATP1A2/KIFC1/SYN2/PDK4/PDE2A/RAD51/NUAK2/SMC4/ABCB1/TRIP13/SIK2/ABCD2/BLM/MPPED2/ABCC6/BMPR1B/RYR1/ABCA12",20
"GO:0005524","GO:0005524","18/781","278/11936",0.554074947673804,0.867888282370955,0.761305510851715,"PLK1/KIF14/ATP1A2/KIFC1/SYN2/PDK4/RAD51/NUAK2/SMC4/ABCB1/TRIP13/SIK2/ABCD2/BLM/ABCC6/BMPR1B/RYR1/ABCA12",18
"GO:0003924","GO:0003924","14/781","216/11936",0.554726459322922,0.867888282370955,0.761305510851715,"GNAL/MRAS/RHOJ/GNG11/RND3/GNAI1/TPPP/RHOU/RAB31/GIMAP7/DIRAS3/EEF1A2/GBP5/RND1",14
"GO:0016891","GO:0016891","2/781","28/11936",0.555183272001965,0.867888282370955,0.761305510851715,"EXO1/RNASEH2A",2
"GO:0046966","GO:0046966","2/781","28/11936",0.555183272001965,0.867888282370955,0.761305510851715,"TACC1/OASL",2
"GO:0004126","GO:0004126","1/781","12/11936",0.556226944365435,0.867888282370955,0.761305510851715,"APOBEC3B",1
"GO:0005035","GO:0005035","1/781","12/11936",0.556226944365435,0.867888282370955,0.761305510851715,"NGFR",1
"GO:0005402","GO:0005402","1/781","12/11936",0.556226944365435,0.867888282370955,0.761305510851715,"SLC5A1",1
"GO:0008353","GO:0008353","1/781","12/11936",0.556226944365435,0.867888282370955,0.761305510851715,"CDK1",1
"GO:0008532","GO:0008532","1/781","12/11936",0.556226944365435,0.867888282370955,0.761305510851715,"B3GNT3",1
"GO:0015269","GO:0015269","1/781","12/11936",0.556226944365435,0.867888282370955,0.761305510851715,"KCNMB1",1
"GO:0015929","GO:0015929","1/781","12/11936",0.556226944365435,0.867888282370955,0.761305510851715,"HYAL1",1
"GO:0016895","GO:0016895","1/781","12/11936",0.556226944365435,0.867888282370955,0.761305510851715,"EXO1",1
"GO:0022858","GO:0022858","1/781","12/11936",0.556226944365435,0.867888282370955,0.761305510851715,"SLC6A14",1
"GO:0030552","GO:0030552","1/781","12/11936",0.556226944365435,0.867888282370955,0.761305510851715,"PDE2A",1
"GO:0035004","GO:0035004","1/781","12/11936",0.556226944365435,0.867888282370955,0.761305510851715,"PIK3C2G",1
"GO:0035613","GO:0035613","1/781","12/11936",0.556226944365435,0.867888282370955,0.761305510851715,"LARP6",1
"GO:0042043","GO:0042043","1/781","12/11936",0.556226944365435,0.867888282370955,0.761305510851715,"NLGN4X",1
"GO:0070001","GO:0070001","1/781","12/11936",0.556226944365435,0.867888282370955,0.761305510851715,"PIP",1
"GO:0070742","GO:0070742","1/781","12/11936",0.556226944365435,0.867888282370955,0.761305510851715,"LEF1",1
"GO:0140333","GO:0140333","1/781","12/11936",0.556226944365435,0.867888282370955,0.761305510851715,"ABCB1",1
"GO:0004518","GO:0004518","4/781","60/11936",0.558623668478981,0.867888282370955,0.761305510851715,"EXO1/RNASEH2A/DNASE1L3/DNA2",4
"GO:0004867","GO:0004867","4/781","60/11936",0.558623668478981,0.867888282370955,0.761305510851715,"TFPI/TFPI2/SLPI/SERPINB5",4
"GO:0032934","GO:0032934","4/781","60/11936",0.558623668478981,0.867888282370955,0.761305510851715,"CAV1/APOD/PTCH1/PROM1",4
"GO:0031625","GO:0031625","17/781","265/11936",0.570286816335039,0.867888282370955,0.761305510851715,"PER1/UBE2T/ABCB1/TXNIP/EGFR/NGFR/JUN/FOXO1/EGR2/MID1/TRIB3/DTX1/PPARGC1A/FZD4/ISG15/SNCAIP/PRKAR2B",17
"GO:0004623","GO:0004623","2/781","29/11936",0.574493378019568,0.867888282370955,0.761305510851715,"PLA2G4A/PLA2G2A",2
"GO:0005310","GO:0005310","2/781","29/11936",0.574493378019568,0.867888282370955,0.761305510851715,"SLC13A2/SLC25A18",2
"GO:0051019","GO:0051019","2/781","29/11936",0.574493378019568,0.867888282370955,0.761305510851715,"DUSP6/DUSP1",2
"GO:0004674","GO:0004674","22/781","344/11936",0.576928935164465,0.867888282370955,0.761305510851715,"NEK2/PKMYT1/CDK1/PLK1/AURKA/MELK/PBK/MYLK/TTK/CIT/AURKB/NUAK2/TGFBR2/SGK2/ACVR1C/EGFR/SIK2/PLK4/CDC7/SBK1/BMPR1B/MAPK10",22
"GO:0005161","GO:0005161","1/781","13/11936",0.585293260740023,0.867888282370955,0.761305510851715,"PDGFD",1
"GO:0015174","GO:0015174","1/781","13/11936",0.585293260740023,0.867888282370955,0.761305510851715,"SLC7A4",1
"GO:0016878","GO:0016878","1/781","13/11936",0.585293260740023,0.867888282370955,0.761305510851715,"ACSL1",1
"GO:0022851","GO:0022851","1/781","13/11936",0.585293260740023,0.867888282370955,0.761305510851715,"GABRE",1
"GO:0031994","GO:0031994","1/781","13/11936",0.585293260740023,0.867888282370955,0.761305510851715,"IGFBP6",1
"GO:0034236","GO:0034236","1/781","13/11936",0.585293260740023,0.867888282370955,0.761305510851715,"PRKAR2B",1
"GO:0061135","GO:0061135","3/781","46/11936",0.587087292378128,0.867888282370955,0.761305510851715,"PROS1/TFPI/SLPI",3
"GO:0022834","GO:0022834","2/781","30/11936",0.593184672855597,0.867888282370955,0.761305510851715,"GRIA4/GRIA3",2
"GO:0050699","GO:0050699","2/781","30/11936",0.593184672855597,0.867888282370955,0.761305510851715,"TCEAL7/TP63",2
"GO:0140297","GO:0140297","13/781","208/11936",0.609257682625509,0.867888282370955,0.761305510851715,"PITX1/LDB2/PPARG/JUN/EGR2/KLF4/TAL1/FOS/RUNX1T1/HES6/PRDM16/HEY2/HOXC13",13
"GO:0015276","GO:0015276","2/781","31/11936",0.611255367808634,0.867888282370955,0.761305510851715,"GRIA4/GRIA3",2
"GO:0043014","GO:0043014","2/781","31/11936",0.611255367808634,0.867888282370955,0.761305510851715,"RACGAP1/SNCA",2
"GO:0000979","GO:0000979","1/781","14/11936",0.61245806518203,0.867888282370955,0.761305510851715,"FOS",1
"GO:0003746","GO:0003746","1/781","14/11936",0.61245806518203,0.867888282370955,0.761305510851715,"EEF1A2",1
"GO:0004065","GO:0004065","1/781","14/11936",0.61245806518203,0.867888282370955,0.761305510851715,"SULF1",1
"GO:0004536","GO:0004536","1/781","14/11936",0.61245806518203,0.867888282370955,0.761305510851715,"DNASE1L3",1
"GO:0004550","GO:0004550","1/781","14/11936",0.61245806518203,0.867888282370955,0.761305510851715,"AK5",1
"GO:0004707","GO:0004707","1/781","14/11936",0.61245806518203,0.867888282370955,0.761305510851715,"MAPK10",1
"GO:0005237","GO:0005237","1/781","14/11936",0.61245806518203,0.867888282370955,0.761305510851715,"GABRE",1
"GO:0008191","GO:0008191","1/781","14/11936",0.61245806518203,0.867888282370955,0.761305510851715,"TIMP4",1
"GO:0008409","GO:0008409","1/781","14/11936",0.61245806518203,0.867888282370955,0.761305510851715,"EXO1",1
"GO:0016405","GO:0016405","1/781","14/11936",0.61245806518203,0.867888282370955,0.761305510851715,"ACSL1",1
"GO:0019211","GO:0019211","1/781","14/11936",0.61245806518203,0.867888282370955,0.761305510851715,"BMP2",1
"GO:0070402","GO:0070402","1/781","14/11936",0.61245806518203,0.867888282370955,0.761305510851715,"KCNAB1",1
"GO:1901611","GO:1901611","1/781","14/11936",0.61245806518203,0.867888282370955,0.761305510851715,"MME",1
"GO:0001227","GO:0001227","16/781","256/11936",0.612950371080043,0.867888282370955,0.761305510851715,"ZBTB16/PLAGL1/IRX1/PPARG/NR3C1/JUN/ZNF219/FOXP3/ATF3/FOXP2/PRDM16/CREB3L1/HEY2/PEG3/BCL11A/GATA3",16
"GO:0030145","GO:0030145","3/781","48/11936",0.616317663290465,0.867888282370955,0.761305510851715,"PCK1/MPPED2/ABO",3
"GO:0015175","GO:0015175","2/781","32/11936",0.628706553902634,0.867888282370955,0.761305510851715,"SLC6A14/SLC7A5",2
"GO:0019956","GO:0019956","2/781","32/11936",0.628706553902634,0.867888282370955,0.761305510851715,"FGF2/ZFP36",2
"GO:0004527","GO:0004527","3/781","49/11936",0.630397830364177,0.867888282370955,0.761305510851715,"EXO1/ENPP2/ENPP3",3
"GO:0001614","GO:0001614","1/781","15/11936",0.637845605116003,0.867888282370955,0.761305510851715,"P2RY12",1
"GO:0004129","GO:0004129","1/781","15/11936",0.637845605116003,0.867888282370955,0.761305510851715,"COX7A1",1
"GO:0004190","GO:0004190","1/781","15/11936",0.637845605116003,0.867888282370955,0.761305510851715,"PIP",1
"GO:0004551","GO:0004551","1/781","15/11936",0.637845605116003,0.867888282370955,0.761305510851715,"CILP2",1
"GO:0004708","GO:0004708","1/781","15/11936",0.637845605116003,0.867888282370955,0.761305510851715,"MAPK10",1
"GO:0005520","GO:0005520","1/781","15/11936",0.637845605116003,0.867888282370955,0.761305510851715,"IGFBP6",1
"GO:0005537","GO:0005537","1/781","15/11936",0.637845605116003,0.867888282370955,0.761305510851715,"CD209",1
"GO:0017081","GO:0017081","1/781","15/11936",0.637845605116003,0.867888282370955,0.761305510851715,"SLC9A3R1",1
"GO:0031489","GO:0031489","1/781","15/11936",0.637845605116003,0.867888282370955,0.761305510851715,"RAB25",1
"GO:0034483","GO:0034483","1/781","15/11936",0.637845605116003,0.867888282370955,0.761305510851715,"HS6ST3",1
"GO:0035615","GO:0035615","1/781","15/11936",0.637845605116003,0.867888282370955,0.761305510851715,"AP1M2",1
"GO:0042813","GO:0042813","1/781","15/11936",0.637845605116003,0.867888282370955,0.761305510851715,"FZD4",1
"GO:0050664","GO:0050664","1/781","15/11936",0.637845605116003,0.867888282370955,0.761305510851715,"KMO",1
"GO:0052742","GO:0052742","1/781","15/11936",0.637845605116003,0.867888282370955,0.761305510851715,"PIK3C2G",1
"GO:0140323","GO:0140323","1/781","15/11936",0.637845605116003,0.867888282370955,0.761305510851715,"SLC7A11",1
"GO:0008168","GO:0008168","3/781","50/11936",0.644116396910272,0.874032603981786,0.766695266650689,"METTL7A/INMT/AMT",3
"GO:0019003","GO:0019003","4/781","67/11936",0.646641313562249,0.875074386288043,0.767609110778985,"MRAS/GNAI1/RAB31/DIRAS3",4
"GO:0005216","GO:0005216","5/781","84/11936",0.650639404974473,0.876489255636886,0.768850224242882,"GRIA4/TRPM6/KCNK3/ABCC9/GRIA3",5
"GO:0022890","GO:0022890","3/781","51/11936",0.657471204842049,0.876489255636886,0.768850224242882,"AQP1/TRPM6/ABCC9",3
"GO:0005001","GO:0005001","1/781","16/11936",0.66157201920915,0.876489255636886,0.768850224242882,"PTPRZ1",1
"GO:0005244","GO:0005244","1/781","16/11936",0.66157201920915,0.876489255636886,0.768850224242882,"KCNK15",1
"GO:0019198","GO:0019198","1/781","16/11936",0.66157201920915,0.876489255636886,0.768850224242882,"PTPRZ1",1
"GO:0046935","GO:0046935","1/781","16/11936",0.66157201920915,0.876489255636886,0.768850224242882,"SOCS2",1
"GO:0061608","GO:0061608","1/781","16/11936",0.66157201920915,0.876489255636886,0.768850224242882,"KPNA2",1
"GO:0022824","GO:0022824","2/781","34/11936",0.661766988191705,0.876489255636886,0.768850224242882,"GRIA4/GABRE",2
"GO:0005547","GO:0005547","2/781","35/11936",0.677389678087253,0.88673291988723,0.777835894637921,"JPH2/RACGAP1",2
"GO:0030331","GO:0030331","2/781","35/11936",0.677389678087253,0.88673291988723,0.777835894637921,"LEF1/TACC1",2
"GO:0030374","GO:0030374","3/781","53/11936",0.68308639348262,0.88673291988723,0.777835894637921,"FGF2/PPARGC1A/TACC1",3
"GO:0042578","GO:0042578","3/781","53/11936",0.68308639348262,0.88673291988723,0.777835894637921,"ATP1A2/PLCXD3/MPPED2",3
"GO:0008484","GO:0008484","1/781","17/11936",0.683745865937141,0.88673291988723,0.777835894637921,"SULF1",1
"GO:0019205","GO:0019205","1/781","17/11936",0.683745865937141,0.88673291988723,0.777835894637921,"AK5",1
"GO:0030169","GO:0030169","1/781","17/11936",0.683745865937141,0.88673291988723,0.777835894637921,"CD36",1
"GO:0070006","GO:0070006","1/781","17/11936",0.683745865937141,0.88673291988723,0.777835894637921,"ANPEP",1
"GO:0008395","GO:0008395","2/781","36/11936",0.692419172632052,0.895648696027953,0.785656750901714,"CYP39A1/CYP11A1",2
"GO:0019903","GO:0019903","7/781","123/11936",0.702127208493894,0.904189102147036,0.793148335216698,"NEK2/EGFR/FOXO1/MET/PPP1R16B/PDLIM4/SH3RF2",7
"GO:0008525","GO:0008525","1/781","18/11936",0.704468617737048,0.904189102147036,0.793148335216698,"ABCB1",1
"GO:0099095","GO:0099095","1/781","18/11936",0.704468617737048,0.904189102147036,0.793148335216698,"GABRE",1
"GO:0001046","GO:0001046","2/781","37/11936",0.706866107369093,0.904933988354263,0.793801744170406,"NR3C1/FOS",2
"GO:0015291","GO:0015291","3/781","56/11936",0.718786420039878,0.910277503148043,0.798489037849161,"SLC4A4/SLC7A5/SLC28A3",3
"GO:0008066","GO:0008066","1/781","19/11936",0.723835122985191,0.910277503148043,0.798489037849161,"GRIA4",1
"GO:0016814","GO:0016814","1/781","19/11936",0.723835122985191,0.910277503148043,0.798489037849161,"APOBEC3B",1
"GO:0019789","GO:0019789","1/781","19/11936",0.723835122985191,0.910277503148043,0.798489037849161,"EGR2",1
"GO:0030296","GO:0030296","1/781","19/11936",0.723835122985191,0.910277503148043,0.798489037849161,"NRG1",1
"GO:0035014","GO:0035014","1/781","19/11936",0.723835122985191,0.910277503148043,0.798489037849161,"SOCS2",1
"GO:0070300","GO:0070300","1/781","19/11936",0.723835122985191,0.910277503148043,0.798489037849161,"JPH2",1
"GO:0016410","GO:0016410","2/781","39/11936",0.734060385152662,0.920811263995026,0.807729178943006,"NAT8L/NMT2",2
"GO:0001671","GO:0001671","1/781","20/11936",0.741934037892346,0.926022934512251,0.812300819747589,"ATP1B2",1
"GO:0016411","GO:0016411","1/781","20/11936",0.741934037892346,0.926022934512251,0.812300819747589,"DGAT2",1
"GO:0008146","GO:0008146","2/781","40/11936",0.746833979310061,0.929808304241026,0.815621319509672,"CHST3/SULT1C4",2
"GO:0003887","GO:0003887","1/781","21/11936",0.75884823027285,0.940065718099202,0.824619050964212,"POLQ",1
"GO:0099529","GO:0099529","1/781","21/11936",0.75884823027285,0.940065718099202,0.824619050964212,"GABRE",1
"GO:0030695","GO:0030695","13/781","233/11936",0.763418715481917,0.940922605352392,0.825370706449467,"IQGAP3/ARHGAP20/ECT2/RACGAP1/RGS6/ARHGAP11A/ALDH1A1/JUN/RGS2/LLGL2/PREX2/WNT11/ARHGAP40",13
"GO:0019902","GO:0019902","6/781","114/11936",0.764582036783964,0.940922605352392,0.825370706449467,"NEK2/EGFR/MET/PDLIM4/SLC9A3R1/SH3RF2",6
"GO:0022853","GO:0022853","2/781","42/11936",0.77080462197195,0.940922605352392,0.825370706449467,"COX7A1/SLC16A7",2
"GO:0001972","GO:0001972","1/781","22/11936",0.774655157017029,0.940922605352392,0.825370706449467,"CYP26B1",1
"GO:0008143","GO:0008143","1/781","22/11936",0.774655157017029,0.940922605352392,0.825370706449467,"RBMS3",1
"GO:0008266","GO:0008266","1/781","22/11936",0.774655157017029,0.940922605352392,0.825370706449467,"RBMS3",1
"GO:0015464","GO:0015464","1/781","22/11936",0.774655157017029,0.940922605352392,0.825370706449467,"CHRM1",1
"GO:0034061","GO:0034061","1/781","22/11936",0.774655157017029,0.940922605352392,0.825370706449467,"POLQ",1
"GO:0004693","GO:0004693","1/781","23/11936",0.789427216977555,0.943002862736036,0.827195493628102,"CDK1",1
"GO:0008170","GO:0008170","1/781","23/11936",0.789427216977555,0.943002862736036,0.827195493628102,"INMT",1
"GO:0097472","GO:0097472","1/781","23/11936",0.789427216977555,0.943002862736036,0.827195493628102,"CDK1",1
"GO:0097718","GO:0097718","1/781","23/11936",0.789427216977555,0.943002862736036,0.827195493628102,"FN1",1
"GO:0045296","GO:0045296","18/781","322/11936",0.789647737514866,0.943002862736036,0.827195493628102,"ANLN/CCNB2/ANXA1/S100P/EGFR/GPRC5A/DIAPH3/SPTBN1/CDH11/OLFM4/PKP1/CDH23/TRIM29/EVPL/CDH2/EPCAM/KRT18/PROM1",18
"GO:0018024","GO:0018024","2/781","45/11936",0.803043263643717,0.943002862736036,0.827195493628102,"EZH2/PRDM16",2
"GO:0005112","GO:0005112","1/781","24/11936",0.803232080869146,0.943002862736036,0.827195493628102,"DTX1",1
"GO:0005243","GO:0005243","1/781","24/11936",0.803232080869146,0.943002862736036,0.827195493628102,"GJB2",1
"GO:0008139","GO:0008139","1/781","24/11936",0.803232080869146,0.943002862736036,0.827195493628102,"KPNA2",1
"GO:0008327","GO:0008327","1/781","24/11936",0.803232080869146,0.943002862736036,0.827195493628102,"UHRF1",1
"GO:0016776","GO:0016776","1/781","24/11936",0.803232080869146,0.943002862736036,0.827195493628102,"AK5",1
"GO:0019957","GO:0019957","1/781","24/11936",0.803232080869146,0.943002862736036,0.827195493628102,"ZFP36",1
"GO:0051721","GO:0051721","1/781","24/11936",0.803232080869146,0.943002862736036,0.827195493628102,"FOXO1",1
"GO:0016922","GO:0016922","6/781","120/11936",0.805476121527309,0.943002862736036,0.827195493628102,"LEF1/PPARGC1A/NR4A1/TACC1/OASL/NR4A3",6
"GO:0005262","GO:0005262","4/781","84/11936",0.808381915307296,0.943002862736036,0.827195493628102,"CACHD1/PKD1L2/RYR1/CACNG4",4
"GO:0008194","GO:0008194","4/781","84/11936",0.808381915307296,0.943002862736036,0.827195493628102,"HAS3/HYAL1/UGT8/B3GNT3",4
"GO:0003730","GO:0003730","4/781","85/11936",0.815660983910339,0.943002862736036,0.827195493628102,"RBMS3/ZFP36/IGF2BP2/CELF2",4
"GO:0005242","GO:0005242","1/781","25/11936",0.816132999677172,0.943002862736036,0.827195493628102,"ABCC9",1
"GO:0008187","GO:0008187","1/781","25/11936",0.816132999677172,0.943002862736036,0.827195493628102,"RBMS3",1
"GO:0022829","GO:0022829","1/781","25/11936",0.816132999677172,0.943002862736036,0.827195493628102,"GJB2",1
"GO:0051059","GO:0051059","1/781","25/11936",0.816132999677172,0.943002862736036,0.827195493628102,"FOXP3",1
"GO:0005184","GO:0005184","1/781","26/11936",0.828189092973463,0.952513090763937,0.835537798915734,"NMB",1
"GO:0043325","GO:0043325","1/781","26/11936",0.828189092973463,0.952513090763937,0.835537798915734,"PLEKHA4",1
"GO:0008375","GO:0008375","2/781","48/11936",0.831189327182997,0.953761025200766,0.836632478246286,"MGAT3/B3GNT3",2
"GO:0008376","GO:0008376","1/781","27/11936",0.839455618446824,0.9588277476755,0.841076971645176,"B3GNT3",1
"GO:0046873","GO:0046873","1/781","27/11936",0.839455618446824,0.9588277476755,0.841076971645176,"AQP1",1
"GO:0005096","GO:0005096","18/781","336/11936",0.842642001017515,0.959846130357397,0.841970289787191,"IQGAP3/ARHGAP20/ECT2/RAPGEF3/RACGAP1/DENND2A/RGS6/ARHGAP11A/ALDH1A1/JUN/RGS2/ARHGEF4/LLGL2/ARHGEF15/PREX2/WNT11/DOCK11/ARHGAP40",18
"GO:0032813","GO:0032813","1/781","28/11936",0.849984223870707,0.959846130357397,0.841970289787191,"TNFSF4",1
"GO:0048019","GO:0048019","1/781","28/11936",0.849984223870707,0.959846130357397,0.841970289787191,"IGSF1",1
"GO:0070325","GO:0070325","1/781","28/11936",0.849984223870707,0.959846130357397,0.841970289787191,"RELN",1
"GO:0070717","GO:0070717","1/781","28/11936",0.849984223870707,0.959846130357397,0.841970289787191,"RBMS3",1
"GO:0036002","GO:0036002","1/781","29/11936",0.859823182651105,0.966923136704605,0.848178190091759,"CELF2",1
"GO:0005085","GO:0005085","7/781","149/11936",0.863572716549717,0.966923136704605,0.848178190091759,"ECT2/RAPGEF3/DENND2A/ARHGEF4/ARHGEF15/PREX2/DOCK11",7
"GO:0016301","GO:0016301","5/781","112/11936",0.864893434076276,0.966923136704605,0.848178190091759,"PKMYT1/CKMT2/CDC7/TRIB3/PIK3C2G",5
"GO:0008188","GO:0008188","1/781","30/11936",0.869017614023364,0.966923136704605,0.848178190091759,"TACR1",1
"GO:0046915","GO:0046915","1/781","30/11936",0.869017614023364,0.966923136704605,0.848178190091759,"TTYH1",1
"GO:1904315","GO:1904315","1/781","30/11936",0.869017614023364,0.966923136704605,0.848178190091759,"GABRE",1
"GO:0005546","GO:0005546","3/781","75/11936",0.876726577256844,0.966923136704605,0.848178190091759,"JPH2/GSN/PLEKHA4",3
"GO:0004402","GO:0004402","1/781","31/11936",0.877609688897188,0.966923136704605,0.848178190091759,"BRCA2",1
"GO:0030544","GO:0030544","1/781","31/11936",0.877609688897188,0.966923136704605,0.848178190091759,"SNCA",1
"GO:0016747","GO:0016747","3/781","76/11936",0.88228479074253,0.966923136704605,0.848178190091759,"ESCO2/PLA2G4A/DGAT2",3
"GO:0015085","GO:0015085","2/781","55/11936",0.883244078781614,0.966923136704605,0.848178190091759,"PKD1L2/RYR1",2
"GO:0016836","GO:0016836","2/781","55/11936",0.883244078781614,0.966923136704605,0.848178190091759,"CA4/CA3",2
"GO:0042054","GO:0042054","1/781","32/11936",0.88563882228411,0.966923136704605,0.848178190091759,"EZH2",1
"GO:0048487","GO:0048487","1/781","32/11936",0.88563882228411,0.966923136704605,0.848178190091759,"RACGAP1",1
"GO:0008234","GO:0008234","4/781","98/11936",0.891130305409393,0.966923136704605,0.848178190091759,"SFRP1/TINAGL1/ESPL1/CAPN3",4
"GO:0004993","GO:0004993","1/781","33/11936",0.89314185318096,0.966923136704605,0.848178190091759,"CHRM1",1
"GO:0016706","GO:0016706","1/781","33/11936",0.89314185318096,0.966923136704605,0.848178190091759,"BBOX1",1
"GO:0042162","GO:0042162","1/781","33/11936",0.89314185318096,0.966923136704605,0.848178190091759,"BLM",1
"GO:0099589","GO:0099589","1/781","33/11936",0.89314185318096,0.966923136704605,0.848178190091759,"CHRM1",1
"GO:0016758","GO:0016758","5/781","119/11936",0.896634680007305,0.967588943077052,0.848762230769344,"HAS3/TMTC1/HYAL1/DPY19L2/B3GNT3",5
"GO:0016791","GO:0016791","3/781","79/11936",0.89764275442088,0.967588943077052,0.848762230769344,"ATP1A2/CILP2/ALPL",3
"GO:0004521","GO:0004521","1/781","34/11936",0.900153212726089,0.968199351917046,0.849297677120216,"PIWIL4",1
"GO:0016279","GO:0016279","1/781","35/11936",0.906705081391937,0.970503854093657,0.851319170257594,"EZH2",1
"GO:0051879","GO:0051879","1/781","35/11936",0.906705081391937,0.970503854093657,0.851319170257594,"NR3C1",1
"GO:1901981","GO:1901981","4/781","102/11936",0.90814216065792,0.970503854093657,0.851319170257594,"JPH2/RACGAP1/PLA2G4A/PLEKHA4",4
"GO:0001784","GO:0001784","1/781","37/11936",0.918548686721235,0.972619591222264,0.85317508001953,"SHE",1
"GO:0004553","GO:0004553","1/781","37/11936",0.918548686721235,0.972619591222264,0.85317508001953,"HPSE2",1
"GO:0008200","GO:0008200","1/781","37/11936",0.918548686721235,0.972619591222264,0.85317508001953,"SCN3B",1
"GO:0017124","GO:0017124","2/781","62/11936",0.920094157577341,0.972619591222264,0.85317508001953,"ADAM12/CRB3",2
"GO:0004180","GO:0004180","1/781","38/11936",0.923894806199403,0.972619591222264,0.85317508001953,"NAALAD2",1
"GO:0060590","GO:0060590","1/781","38/11936",0.923894806199403,0.972619591222264,0.85317508001953,"ATP1B2",1
"GO:0140034","GO:0140034","2/781","63/11936",0.924364720064482,0.972619591222264,0.85317508001953,"UHRF1/CBX2",2
"GO:0008227","GO:0008227","1/781","39/11936",0.928890448858528,0.972619591222264,0.85317508001953,"CHRM1",1
"GO:0030159","GO:0030159","1/781","39/11936",0.928890448858528,0.972619591222264,0.85317508001953,"SORBS1",1
"GO:0003729","GO:0003729","12/781","263/11936",0.931411716948262,0.972619591222264,0.85317508001953,"RBMS3/ARC/TYMS/LARP6/ZFP36/SAMD4A/NOVA1/IGF2BP2/CELF2/SLPI/ESRP1/RBPMS2",12
"GO:0015078","GO:0015078","1/781","40/11936",0.933558563462334,0.972619591222264,0.85317508001953,"COX7A1",1
"GO:0061980","GO:0061980","1/781","40/11936",0.933558563462334,0.972619591222264,0.85317508001953,"PIWIL4",1
"GO:0004540","GO:0004540","2/781","66/11936",0.935920686518742,0.973044889115519,0.853548148346947,"RNASEH2A/PIWIL4",2
"GO:0045309","GO:0045309","1/781","42/11936",0.941996597335737,0.975989697077808,0.856131313226147,"SHE",1
"GO:0035064","GO:0035064","2/781","68/11936",0.942672779707682,0.975989697077808,0.856131313226147,"UHRF1/CBX2",2
"GO:0008757","GO:0008757","1/781","43/11936",0.945805295627379,0.977201322038247,0.857194142138813,"INMT",1
"GO:0003684","GO:0003684","1/781","44/11936",0.949364201211758,0.97800795433651,0.857901714330272,"POLQ",1
"GO:1902936","GO:1902936","3/781","94/11936",0.950513754817009,0.97800795433651,0.857901714330272,"JPH2/GSN/PLEKHA4",3
"GO:0043130","GO:0043130","2/781","74/11936",0.959098777876811,0.984806580170417,0.86386542120212,"TOP2A/CKS2",2
"GO:0004519","GO:0004519","1/781","51/11936",0.968530382277611,0.992444712704219,0.870565537459841,"PIWIL4",1
"GO:0099094","GO:0099094","2/781","80/11936",0.970959160804804,0.992890476551935,0.87095655837889,"GRIA4/GRIA3",2
"GO:0008235","GO:0008235","1/781","55/11936",0.97602287476977,0.996023343515052,0.873704687293906,"ANPEP",1
"GO:0016811","GO:0016811","1/781","57/11936",0.979071673348199,0.996454941157955,0.874083281717504,"PM20D2",1
"GO:0015453","GO:0015453","1/781","58/11936",0.980447632866261,0.996454941157955,0.874083281717504,"COX7A1",1
"GO:0019905","GO:0019905","1/781","62/11936",0.985105258823896,0.997189395393975,0.874727539819276,"SYT8",1
"GO:0061659","GO:0061659","10/781","270/11936",0.985175065328987,0.997189395393975,0.874727539819276,"UHRF1/TRIM59/RNF150/PELI2/EGR2/DTX1/TRIM2/RNF157/RNF165/SH3RF2",10
"GO:0061630","GO:0061630","9/781","263/11936",0.991246664772925,0.99940617337656,0.876672081909264,"UHRF1/TRIM59/RNF150/PELI2/DTX1/TRIM2/RNF157/RNF165/SH3RF2",9
"GO:0003725","GO:0003725","1/781","73/11936",0.992955293599405,0.99940617337656,0.876672081909264,"OASL",1
"GO:0016773","GO:0016773","1/781","75/11936",0.993852372445333,0.99940617337656,0.876672081909264,"PIK3C2G",1
"GO:0004842","GO:0004842","14/781","392/11936",0.996741430245663,0.99940617337656,0.876672081909264,"UBE2T/UBE2C/DTL/UHRF1/KLHL13/TRIM59/RNF150/PELI2/UBE2S/DTX1/TRIM2/RNF157/RNF165/SH3RF2",14
"GO:0051020","GO:0051020","5/781","201/11936",0.997484251221102,0.99940617337656,0.876672081909264,"BIRC5/CAV1/NGFR/SPTBN1/RASIP1",5
"GO:0031267","GO:0031267","3/781","175/11936",0.99940617337656,0.99940617337656,0.876672081909264,"BIRC5/CAV1/NGFR",3
