geneSet,link,size,overlap,expect,enrichmentRatio,pValue,FDR,overlapId,userId
GO:0005509,calcium ion binding (GO:0005509),348,49,23.11122449,2.120181906,4.06E-07,5.15E-04,9378;2934;6622;5321;6261;825;6271;3270;301;1000;1009;64072;6286;8404;810;57402;2706;57088;306;54997;5979;7163;9104;1776;6263;5169;5168;8639;9833;101;1825;1047;7123;1311;6586;90019;6403;845;4023;8425;30819;5320;1828;1830;794;83849;6285;54829;57586,GJB2;COMP;MELK;RYR3;S100B;KCNIP2;TESC;CLEC3B;ANXA1;LPL;RGN;S100P;LTBP4;SNCA;NRXN1;ENPP2;GSN;DNASE1L3;AOC3;PLSCR4;ADAM8;CAPN3;PLA2G4A;DSG1;CDH11;SPARCL1;CASQ2;TPD52;CDH23;SLIT3;CALB2;SYT8;ANXA3;S100A14;SYT15;SELP;CLGN;ASPN;HRC;CDH2;RYR1;RET;SYT13;ENPP3;DSC3;PLA2G2A;DSG3;CALML3;S100A1
GO:0046872,metal ion binding (GO:0046872),514,61,34.13554422,1.786993628,5.93E-06,0.003754226,5138;9378;2934;6622;130399;5321;23235;81788;5347;6261;825;6271;3270;301;1000;1009;64072;6286;8404;810;57402;2706;57088;306;54997;5979;7163;9104;1776;6263;5169;5168;8639;9833;101;1825;1047;7123;1311;6586;90019;6403;845;4023;8425;30819;5320;1828;1830;794;83849;6285;54829;57586;5105;7153;2770;11076;4499;4501;10631,GJB2;COMP;TOP2A;PLK1;MELK;RYR3;S100B;MT1M;KCNIP2;TESC;PDE2A;CLEC3B;ANXA1;LPL;NUAK2;RGN;S100P;PCK1;LTBP4;MT1X;POSTN;SNCA;NRXN1;ENPP2;GSN;DNASE1L3;ACVR1C;AOC3;PLSCR4;ADAM8;CAPN3;SIK2;PLA2G4A;DSG1;CDH11;SPARCL1;CASQ2;GNAI1;TPPP;TPD52;CDH23;SLIT3;CALB2;SYT8;ANXA3;S100A14;SYT15;SELP;CLGN;ASPN;HRC;CDH2;RYR1;RET;SYT13;ENPP3;DSC3;PLA2G2A;DSG3;CALML3;S100A1
GO:0005248,voltage-gated sodium channel activity (GO:0005248),22,8,1.461054422,5.475497614,5.05E-05,0.018340368,55800;6330;6329;6326;6335;6332;6328;6327,SCN4B;SCN3A;SCN2B;SCN3B;SCN4A;SCN2A;SCN9A;SCN7A
GO:0003777,microtubule motor activity (GO:0003777),56,13,3.719047619,3.495518566,5.79E-05,0.018340368,81930;9928;3833;26153;10112;3832;57519;1062;56992;55083;9493;11004;24137,KIF4A;KIF20A;KIF2C;KIF14;KIF11;KIFC1;STARD9;CENPE;KIF23;KIF26B;KIF18A;KIF15;KIF26A
GO:0048018,receptor ligand activity (GO:0048018),302,38,20.05629252,1.894667221,1.02E-04,0.022384279,3624;64388;353500;654;650;3627;10563;6376;2255;2247;2252;4283;80031;57556;3084;54437;10371;223117;56920;2662;85480;1906;3569;92304;7481;9370;90865;146433;7477;54097;2246;5764;1907;4828;3952;3479;79006;5744,SEMA5B;INHBA;TSLP;CX3CL1;LEP;FGF1;BMP8A;GDF10;FGF2;ADIPOQ;SEMA3G;CXCL10;IL33;PTN;BMP2;SEMA3D;SEMA6D;SEMA6A;FGF10;SCGB3A1;IL34;METRN;BMP6;GREM2;NRG1;IGF1;IL6;EDN1;CXCL9;WNT11;NMB;FGF7;SEMA3A;EDN2;PTHLH;CXCL13;WNT7B;FAM3B
GO:0019199,transmembrane receptor protein kinase activity (GO:0019199),60,13,3.984693878,3.262483995,1.24E-04,0.022384279,7048;658;1956;5979;4921;2051;2047;4915;4916;4233;3815;7010;7301,NTRK2;EPHB1;KIT;TGFBR2;EGFR;MET;EPHB6;NTRK3;DDR2;TEK;BMPR1B;RET;TYRO3
GO:0004714,transmembrane receptor protein tyrosine kinase activity (GO:0004714),60,13,3.984693878,3.262483995,1.24E-04,0.022384279,1956;5979;4921;2051;2047;2202;4915;4916;51232;4233;3815;7010;7301,NTRK2;EPHB1;KIT;EGFR;CRIM1;MET;EPHB6;EFEMP1;NTRK3;DDR2;TEK;RET;TYRO3
GO:0005125,cytokine activity (GO:0005125),173,25,11.48920068,2.175956422,1.87E-04,0.029623876,3624;353500;654;650;3627;6366;10563;6376;2247;6387;56477;4283;2920;3084;2662;85480;1906;3569;92304;7481;9370;90865;146433;7477;54097,INHBA;CXCL2;TSLP;CX3CL1;BMP8A;GDF10;FGF2;ADIPOQ;CXCL10;IL33;BMP2;CCL21;CCL28;CXCL12;SCGB3A1;IL34;BMP6;NRG1;IL6;EDN1;CXCL9;WNT11;CXCL13;WNT7B;FAM3B
GO:0004114,"3',5'-cyclic-nucleotide phosphodiesterase activity (GO:0004114)",21,7,1.394642857,5.019206146,2.83E-04,0.03983092,5140;5138;27115;8622;5137;5152;50940,PDE1C;PDE2A;PDE11A;PDE7B;PDE9A;PDE3B;PDE8B
GO:0003774,motor activity (GO:0003774),66,13,4.383163265,2.965894541,3.38E-04,0.042855489,81930;9928;3833;26153;10112;3832;57519;1062;56992;55083;9493;11004;24137,KIF4A;KIF20A;KIF2C;KIF14;KIF11;KIFC1;STARD9;CENPE;KIF23;KIF26B;KIF18A;KIF15;KIF26A
GO:1990837,sequence-specific double-stranded DNA binding (GO:1990837),710,70,47.15221088,1.48455393,4.95E-04,0.056029417,6622;5468;51176;9915;90993;3725;9586;467;55502;28999;2625;29842;3229;3226;2353;23493;50943;5307;2299;1869;1870;1958;1959;1960;2296;5187;3169;6913;4306;2908;6663;6664;3201;3204;3202;64321;4605;6886;63976;4781;2354;23764;2078;79192;9314;10365;1050;5017;83595;6660;55553;4223;4222;3206;3164;4212;83439;3131;7068;25803;55388;8318;60529;4173;4998;990;26468;130497;2001;11004,HOXA4;PER1;HLF;HOXA5;KIF2C;PITX1;FOSB;KLF15;CDC6;OSR1;NR3C2;HOXA7;MYBL2;EGR1;CDC45;MCM10;CREB5;SNCA;MEOX2;MEIS2;IRX1;PPARG;SOX10;MEOX1;E2F1;ALX4;NFIB;NR3C1;E2F2;JUN;EGR2;LEF1;KLF4;ORC1;MAFF;TAL1;EGR3;FOS;SOX17;FOXP3;HES6;MCM4;LHX6;ATF3;SOX7;NR4A1;ERG;THRB;PRDM16;TCF7L1;CREB3L1;SOX6;HEY2;ELF5;TBX15;FOXC1;HOXC13;SOX5;KLF2;HOXA10;HOXC10;ARNT2;CEBPA;GATA3;OVOL1;SOX11;FOXA1;TFCP2L1;SPDEF;FOXI1
GO:0004112,cyclic-nucleotide phosphodiesterase activity (GO:0004112),23,7,1.527465986,4.582753438,5.31E-04,0.056029417,5140;5138;27115;8622;5137;5152;50940,PDE1C;PDE2A;PDE11A;PDE7B;PDE9A;PDE3B;PDE8B
GO:0008017,microtubule binding (GO:0008017),230,29,15.27465986,1.898569281,6.35E-04,0.058884752,81930;5347;9928;3833;29127;26153;827;332;11076;22974;9055;10112;81610;57519;26112;51512;1062;220134;56992;9787;79745;55083;51203;4281;9493;79649;11004;667;10615,TPX2;KIF20A;DLGAP5;NUSAP1;PLK1;KIF2C;KIF14;DST;SPAG5;BIRC5;KIFC1;SKA1;FAM83D;STARD9;CENPE;KIF23;KIF26B;GTSE1;PRC1;KIF18A;KIF15;RACGAP1;CLIP4;CAPN6;CCDC69;MID1;TPPP;MAP7D3;KIF26A
GO:0004713,protein tyrosine kinase activity (GO:0004713),107,17,7.106037415,2.392331901,6.51E-04,0.058884752,1956;5979;9833;4921;2051;2047;4915;4916;6725;5753;660;91461;4233;3815;7272;7010;7301,NTRK2;MELK;TTK;EPHB1;KIT;BMX;EGFR;MET;EPHB6;NTRK3;PKDCC;DDR2;TEK;SRMS;PTK6;RET;TYRO3
GO:0001228,"DNA-binding transcription activator activity, RNA polymerase II-specific (GO:0001228)",333,38,22.11505102,1.718286789,7.34E-04,0.061985832,51176;8013;90993;3725;467;28999;2625;29842;3226;5325;7704;2308;2299;1870;1958;1959;2296;3169;2908;6663;6664;3204;3202;64321;4605;63976;4781;23764;2078;79190;9314;1050;4223;3206;3164;4212;3131;60529,HLF;HOXA5;KLF15;ZBTB16;HOXA7;PLAGL1;MYBL2;EGR1;MEOX2;MEIS2;SOX10;ALX4;NFIB;NR3C1;E2F2;JUN;FOXO1;EGR2;LEF1;KLF4;MAFF;SOX17;IRX6;ATF3;NR4A1;ERG;PRDM16;CREB3L1;FOXC1;HOXA10;HOXC10;NR4A3;CEBPA;GATA3;SOX11;FOXA1;TFCP2L1;FOXI1
GO:0045499,chemorepellent activity (GO:0045499),25,7,1.660289116,4.216133163,9.26E-04,0.073318816,80031;57556;3084;54437;10371;223117;56920,SEMA5B;SEMA3G;SEMA3D;SEMA6D;SEMA6A;NRG1;SEMA3A
GO:0004029,aldehyde dehydrogenase (NAD+) activity (GO:0004029),13,5,0.86335034,5.791391707,0.001047513,0.07663321,8854;10840;216;217;220,ALDH1L1;ALDH1A2;ALDH1A1;ALDH1A3;ALDH2
GO:0001758,retinal dehydrogenase activity (GO:0001758),8,4,0.531292517,7.528809219,0.001088712,0.07663321,8854;8644;216;220,ALDH1A2;ALDH1A1;AKR1C3;ALDH1A3
GO:0042803,protein homodimerization activity (GO:0042803),625,61,41.50722789,1.46962356,0.001447472,0.094163615,5050;316;7498;5138;641;9429;8572;11343;84649;225;150;220;10993;154;8322;1410;6271;6286;54997;7163;845;4023;6285;8013;4311;57502;4883;467;7704;50943;93986;51085;1050;55553;4435;9370;2690;2191;7153;5745;2946;168537;115362;1894;11076;54922;847;8736;858;4281;348093;3290;4915;57863;8029;1063;4085;1149;3815;10516;126393,MME;NTRK2;CENPF;TOP2A;S100B;ZBTB16;TESC;CRYAB;HSPB6;PDE2A;MYOM1;ADRB2;LPL;CIDEA;CAV2;S100P;PAFAH1B3;ADIPOQ;ECT2;KIT;SDS;MLXIPL;MAD2L1;CADM3;GHR;GSTM2;FOXP3;ABCD2;RASIP1;AOX1;FAP;BLM;MID1;CASQ2;ATF3;CAT;TPPP;FBLN5;PTH1R;DGAT2;CUBN;FOXP2;TPD52;MGLL;ALDH1A3;PDLIM4;FZD4;CITED1;SOX6;GIMAP7;NLGN4X;ABCG2;HSD11B1;GBP5;ADRA2A;RBPMS2;NR4A3;CEBPA;XDH;NPR3;S100A1
GO:0008236,serine-type peptidase activity (GO:0008236),125,18,8.301445578,2.168297055,0.001486403,0.094163615,10003;2152;2191;3249;8492;5653;25818;1511;10699;2159;2161;4318;10747;5652;1675;5655;11012;5650,CFD;NAALAD2;F10;F3;FAP;MASP2;CORIN;F12;MMP9;PRSS12;KLK5;CTSG;KLK7;KLK6;HPN;KLK10;KLK11;PRSS8
GO:0004022,alcohol dehydrogenase (NAD+) activity (GO:0004022),9,4,0.597704082,6.692274861,0.001857015,0.112039931,126;125;137872;124,ADH1C;ADH1A;ADH1B;ADHFE1
GO:0016709,"oxidoreductase activity, acting on paired donors, with incorporation or reduction of molecular oxygen, NAD(P)H as one donor, and incorporation of one atom of oxygen (GO:0016709)",36,8,2.390816327,3.346137431,0.002086941,0.115417142,9645;1646;1645;8644;8564;6713;56603;2327,FMO2;AKR1C1;SQLE;AKR1C2;MICAL2;AKR1C3;CYP26B1;KMO
GO:0004030,aldehyde dehydrogenase [NAD(P)+] activity (GO:0004030),15,5,0.996173469,5.019206146,0.002186276,0.115417142,8854;10840;216;217;220,ALDH1L1;ALDH1A2;ALDH1A1;ALDH1A3;ALDH2
GO:0004198,calcium-dependent cysteine-type endopeptidase activity (GO:0004198),15,5,0.996173469,5.019206146,0.002186276,0.115417142,825;10753;92291;11131;827,CAPN11;CAPN3;CAPN6;CAPN9;CAPN13
GO:0062037,D-loop DNA binding (GO:0062037),5,3,0.332057823,9.034571063,0.002636543,0.116489698,641;9401;10635,RAD51AP1;RECQL4;BLM
GO:0047086,ketosteroid monooxygenase activity (GO:0047086),5,3,0.332057823,9.034571063,0.002636543,0.116489698,1646;1645;8644,AKR1C1;AKR1C2;AKR1C3
GO:0086006,voltage-gated sodium channel activity involved in cardiac muscle cell action potential (GO:0086006),5,3,0.332057823,9.034571063,0.002636543,0.116489698,55800;6330;6327,SCN4B;SCN2B;SCN3B
GO:0048248,CXCR3 chemokine receptor binding (GO:0048248),5,3,0.332057823,9.034571063,0.002636543,0.116489698,3627;10563;4283,CXCL10;CXCL9;CXCL13
GO:0004222,metalloendopeptidase activity (GO:0004222),82,13,5.445748299,2.387183411,0.002768486,0.116489698,4311;80332;4320;8728;54507;79148;4314;4318;140766;170692;9718;11096;9510,MMP11;ADAMTS5;MME;ADAM33;ADAMTS14;ADAMTS1;ADAM19;ECE2;MMP3;MMP9;ADAMTS18;ADAMTSL4;MMP28
GO:0035497,cAMP response element binding (GO:0035497),10,4,0.664115646,6.023047375,0.002933268,0.116489698,8013;90993;3725;9586,CREB5;JUN;CREB3L1;NR4A3
GO:0008301,"DNA binding, bending (GO:0008301)",16,5,1.062585034,4.705505762,0.00300804,0.116489698,51176;2299;2296;3149;7153,TOP2A;HMGB3;LEF1;FOXC1;FOXI1
GO:0045236,CXCR chemokine receptor binding (GO:0045236),16,5,1.062585034,4.705505762,0.00300804,0.116489698,3627;10563;6387;4283;2920,CXCL2;CXCL10;CXCL12;CXCL9;CXCL13
GO:0005104,fibroblast growth factor receptor binding (GO:0005104),23,6,1.527465986,3.928074375,0.003196324,0.116489698,9365;2255;2247;2252;152831;2246,FGF1;KL;FGF2;KLB;FGF10;FGF7
GO:0030215,semaphorin receptor binding (GO:0030215),23,6,1.527465986,3.928074375,0.003196324,0.116489698,80031;57556;54437;10371;223117;56920,SEMA5B;SEMA3G;SEMA3D;SEMA6D;SEMA6A;SEMA3A
GO:0001067,transcription regulatory region nucleic acid binding (GO:0001067),210,25,13.94642857,1.792573624,0.003217947,0.116489698,6622;5468;90993;3725;467;28999;2625;3229;2353;2299;1958;1959;2296;5187;3169;6663;6664;64321;6886;63976;9314;1050;83595;6660;55553,PER1;KLF15;EGR1;SNCA;PPARG;SOX10;JUN;EGR2;KLF4;TAL1;FOS;SOX17;ATF3;SOX7;PRDM16;CREB3L1;SOX6;FOXC1;HOXC13;SOX5;CEBPA;GATA3;SOX11;FOXA1;FOXI1
GO:0019887,protein kinase regulator activity (GO:0019887),96,14,6.375510204,2.195902689,0.004262989,0.14961218,6622;9052;9133;5577;3627;891;890;9134;898;7481;51704;22974;84152;1028,TPX2;CCNB2;CCNB1;CCNE2;CCNA2;SNCA;CXCL10;CDKN1C;GPRC5A;GPRC5B;CCNE1;PPP1R1B;WNT11;PRKAR2B
GO:0048407,platelet-derived growth factor binding (GO:0048407),11,4,0.730527211,5.475497614,0.004369101,0.14961218,1278;1277;1281;1289,COL5A1;COL1A1;COL3A1;COL1A2
GO:0003677,DNA binding (GO:0003677),761,69,50.53920068,1.365276836,0.004649923,0.155038238,641;83990;1763;9156;10721;5468;5888;8638;51176;1956;1776;8013;3725;2625;51222;23493;5325;7704;50943;93986;2308;51085;2299;1869;1870;1958;1959;8626;2296;3169;6663;3204;3202;63976;4781;2354;23764;2078;79192;10365;1050;55553;4223;4222;3164;4212;83439;3131;7068;213;10635;25803;10891;55388;8318;6590;2034;64651;80034;675;3149;60529;84883;4173;4998;128553;81620;7153;63967,HLF;HOXA5;EXO1;TOP2A;TSHZ2;CLSPN;FOSB;ZBTB16;HOXA7;PLAGL1;RAD51;EGR1;CDC45;MCM10;POLQ;HMGB3;MLXIPL;MEOX2;MEIS2;DNASE1L3;IRX1;RAD51AP1;PPARG;SOX10;MEOX1;E2F1;ALX4;EGFR;NFIB;E2F2;JUN;FOXO1;BRIP1;EGR2;LEF1;CSRNP1;ORC1;MAFF;ZNF219;FOXP3;MCM4;ALB;CDT1;BLM;DNA2;TP63;PPARGC1A;NR4A1;ERG;CSRNP3;THRB;FOXP2;PRDM16;BRCA2;EPAS1;TCF7L1;SOX6;HEY2;AIFM2;FOXC1;KLF2;OASL;SLPI;NR4A3;CEBPA;GATA3;FOXA1;SPDEF;FOXI1
GO:0031402,sodium ion binding (GO:0031402),6,3,0.398469388,7.528809219,0.00501318,0.162279604,477;10568;825,ATP1A2;CAPN3;SLC34A2
GO:0042379,chemokine receptor binding (GO:0042379),50,9,3.320578231,2.710371319,0.005123271,0.162279604,57402;3627;6366;10563;6376;6387;56477;4283;2920,CXCL2;CX3CL1;CXCL10;CCL21;CCL28;CXCL12;S100A14;CXCL9;CXCL13
GO:0004675,transmembrane receptor protein serine/threonine kinase activity (GO:0004675),18,5,1.195408163,4.182671788,0.005281043,0.163197098,7048;658;25928;8425;7049,LTBP4;TGFBR3;TGFBR2;SOSTDC1;BMPR1B
GO:0004115,"3',5'-cyclic-AMP phosphodiesterase activity (GO:0004115)",12,4,0.796938776,5.019206146,0.006212806,0.177058974,5140;5138;27115;8622,PDE2A;PDE7B;PDE3B;PDE8B
GO:0005024,transforming growth factor beta-activated receptor activity (GO:0005024),12,4,0.796938776,5.019206146,0.006212806,0.177058974,7048;658;8425;7049,LTBP4;TGFBR3;TGFBR2;BMPR1B
GO:0008237,metallopeptidase activity (GO:0008237),121,16,8.03579932,1.991090041,0.006235561,0.177058974,290;101;4311;80332;4320;8728;54507;79148;4314;4318;140766;170692;9718;11096;9510;8038,MMP11;ADAMTS5;MME;ADAM33;ADAMTS14;ADAMTS1;ADAM8;ADAM19;ECE2;MMP3;MMP9;ADAMTS18;ADAMTSL4;MMP28;ANPEP;ADAM12
GO:0003690,double-stranded DNA binding (GO:0003690),641,59,42.56981293,1.385958639,0.006288598,0.177058974,5468;5888;51176;9915;1956;90993;3725;9586;467;55502;28999;2625;29842;3229;3226;2353;23493;50943;5307;29128;2299;1869;1870;1958;1959;1960;3169;6913;4306;2908;6663;3201;3204;3202;4605;4781;2354;23764;2078;79192;9314;10365;5017;83595;4223;4222;3206;3164;4212;83439;3131;7068;10635;25803;3149;60529;26468;130497;2001,HOXA4;HLF;HOXA5;UHRF1;PITX1;FOSB;KLF15;OSR1;NR3C2;HOXA7;RAD51;MYBL2;EGR1;CREB5;HMGB3;MEOX2;MEIS2;IRX1;RAD51AP1;PPARG;SOX10;MEOX1;E2F1;ALX4;EGFR;NFIB;NR3C1;E2F2;JUN;EGR2;LEF1;KLF4;MAFF;EGR3;FOS;FOXP3;HES6;LHX6;ATF3;SOX7;NR4A1;ERG;THRB;TCF7L1;CREB3L1;HEY2;ELF5;TBX15;HOXC13;KLF2;HOXA10;HOXC10;ARNT2;GATA3;OVOL1;FOXA1;TFCP2L1;SPDEF;FOXI1
GO:0015631,tubulin binding (GO:0015631),304,32,20.18911565,1.585012467,0.006440728,0.177400054,6622;81930;83988;5347;9928;3833;29127;26153;827;332;675;11076;22974;9055;10112;81610;57519;26112;51512;1062;220134;56992;9787;55083;51203;4281;9493;79649;11004;667;10615;51673,TPX2;KIF20A;DLGAP5;NUSAP1;PLK1;KIF2C;KIF14;DST;SPAG5;BIRC5;KIFC1;SKA1;FAM83D;STARD9;CENPE;KIF23;KIF26B;GTSE1;PRC1;KIF18A;KIF15;RACGAP1;SNCA;NCALD;CAPN6;CCDC69;MID1;TPPP;MAP7D3;KIF26A;BRCA2;TPPP3
GO:0047555,"3',5'-cyclic-GMP phosphodiesterase activity (GO:0047555)",7,3,0.464880952,6.453265045,0.00834217,0.220198532,5138;5137;5152,PDE1C;PDE2A;PDE9A
GO:0004024,"alcohol dehydrogenase activity, zinc-dependent (GO:0004024)",7,3,0.464880952,6.453265045,0.00834217,0.220198532,126;125;124,ADH1C;ADH1A;ADH1B
GO:0016620,"oxidoreductase activity, acting on the aldehyde or oxo group of donors, NAD or NADP as acceptor (GO:0016620)",20,5,1.328231293,3.764404609,0.008556755,0.221253224,8854;8644;216;217;220,ALDH1A2;ALDH1A1;AKR1C3;ALDH1A3;ALDH2
GO:0043565,sequence-specific DNA binding (GO:0043565),707,63,46.95297619,1.34176798,0.009676885,0.244150903,5468;51176;9915;90993;3725;9586;467;55502;28999;2625;29842;3229;3226;2353;23493;50943;93986;2308;5307;29128;2299;1869;1870;1958;1959;1960;2296;3169;6913;4306;2908;6663;3201;3204;3202;4605;63976;4781;2354;23764;2078;79192;9314;10365;5017;83595;4223;4222;3206;3164;4212;83439;3131;7068;25803;10891;2034;64651;80034;60529;26468;130497;2001,HOXA4;HLF;HOXA5;UHRF1;PITX1;FOSB;KLF15;OSR1;NR3C2;HOXA7;MYBL2;EGR1;CREB5;MEOX2;MEIS2;IRX1;PPARG;SOX10;MEOX1;E2F1;ALX4;NFIB;NR3C1;E2F2;JUN;FOXO1;EGR2;LEF1;KLF4;CSRNP1;MAFF;EGR3;FOS;FOXP3;HES6;LHX6;ATF3;PPARGC1A;SOX7;NR4A1;ERG;CSRNP3;THRB;FOXP2;PRDM16;EPAS1;TCF7L1;CREB3L1;HEY2;ELF5;TBX15;FOXC1;HOXC13;KLF2;HOXA10;HOXC10;ARNT2;GATA3;OVOL1;FOXA1;TFCP2L1;SPDEF;FOXI1
GO:0017080,sodium channel regulator activity (GO:0017080),37,7,2.457227891,2.848738623,0.009901551,0.244150903,5348;55800;2822;10110;5652;6330;6327,FXYD1;SCN4B;SCN2B;SCN3B;SGK2;GPLD1;PRSS8
GO:0008009,chemokine activity (GO:0008009),46,8,3.054931973,2.61871625,0.0100204,0.244150903,3627;6366;10563;6376;6387;56477;4283;2920,CXCL2;CX3CL1;CXCL10;CCL21;CCL28;CXCL12;CXCL9;CXCL13
GO:0033764,"steroid dehydrogenase activity, acting on the CH-OH group of donors, NAD or NADP as acceptor (GO:0033764)",21,5,1.394642857,3.585147247,0.01062899,0.254093014,1646;1645;8644;3294;3290,AKR1C1;AKR1C2;AKR1C3;HSD17B2;HSD11B1
GO:0019900,kinase binding (GO:0019900),456,43,30.28367347,1.419907002,0.012328253,0.277303596,2934;5347;9928;150;29127;23542;857;1956;287;7538;8013;5187;2908;1050;891;1164;890;2690;990;51704;5764;390;27289;1917;6790;9212;286077;22974;57761;11113;993;8736;9172;2305;399694;9055;10112;22866;3832;858;59;81610;10253,SPRY2;PER1;TPX2;KIF20A;CKS2;PLK1;AURKA;KIF14;FOXM1;CCNB1;KIF11;FAM83D;CCNA2;CAV1;CDC6;PRC1;MYOM1;CIT;AURKB;CAV2;RACGAP1;GSN;PTN;EGFR;NR3C1;GHR;CNKSR2;GPRC5B;RND3;ZFP36;TRIB3;ANK2;CDC25A;MYOM2;ACTA2;FAM83H;MAPK8IP2;EEF1A2;ADRA2A;NR4A3;CEBPA;RND1;SHC4
GO:0033130,acetylcholine receptor binding (GO:0033130),8,3,0.531292517,5.646606914,0.012694245,0.277303596,79608;66004;9378,NRXN1;RIC3;LYNX1
GO:0047023,androsterone dehydrogenase activity (GO:0047023),8,3,0.531292517,5.646606914,0.012694245,0.277303596,1646;1645;8644,AKR1C1;AKR1C2;AKR1C3
GO:0043121,neurotrophin binding (GO:0043121),8,3,0.531292517,5.646606914,0.012694245,0.277303596,4804;4915;4916,NTRK2;NGFR;NTRK3
GO:0035173,histone kinase activity (GO:0035173),8,3,0.531292517,5.646606914,0.012694245,0.277303596,983;6790;9212,CDK1;AURKA;AURKB
GO:0001664,G protein-coupled receptor binding (GO:0001664),142,17,9.430442177,1.80267263,0.012945151,0.277991625,8685;1901;57402;6366;6387;5727;6422;7481;7477;185;2774;8643;51704;133;6288;2770;284654,GNAL;SFRP1;SAA1;PTCH2;GPRC5B;CCL21;CXCL12;S1PR1;GNAI1;PTCH1;MARCO;S100A14;WNT11;ADM;RSPO1;AGTR1;WNT7B
GO:0005372,water transmembrane transporter activity (GO:0005372),15,4,0.996173469,4.015364917,0.014607919,0.308470559,358;6523;364;362,AQP7;AQP1;AQP5;SLC5A1
GO:0052689,carboxylic ester hydrolase activity (GO:0052689),90,12,5.977040816,2.007682458,0.015576214,0.318539585,3931;5050;3991;11343;5321;9104;5168;4023;5320;1066;375775;57104,LPL;RGN;PAFAH1B3;LCAT;LIPE;CES1;ENPP2;PLA2G4A;PNPLA7;MGLL;PNPLA2;PLA2G2A
GO:0003688,DNA replication origin binding (GO:0003688),23,5,1.527465986,3.273395313,0.01574828,0.318539585,55388;8318;4173;4998;990,CDC6;CDC45;MCM10;ORC1;MCM4
GO:0001540,amyloid-beta binding (GO:0001540),80,11,5.31292517,2.070422535,0.01623259,0.318539585,23542;8685;154;948;4804;8322;320;1410;9452;2892;2893,GRIA4;CRYAB;ITM2A;ADRB2;CD36;NGFR;APBA1;FZD4;MAPK8IP2;MARCO;GRIA3
GO:0005544,calcium-dependent phospholipid binding (GO:0005544),50,8,3.320578231,2.40921895,0.01634181,0.318539585,5321;301;306;90019;83849;57586;27132;8447,ANXA1;PLA2G4A;SYT8;ANXA3;SYT15;DOC2B;SYT13;CPNE7
GO:0015459,potassium channel regulator activity (GO:0015459),50,8,3.320578231,2.40921895,0.01634181,0.318539585,7881;154;10060;3779;30819;3753;23704;10110,KCNE1;KCNIP2;ADRB2;KCNMB1;SGK2;KCNAB1;ABCC9;KCNE4
GO:0032052,bile acid binding (GO:0032052),9,3,0.597704082,5.019206146,0.01811286,0.339235498,1646;1645;8644,AKR1C1;AKR1C2;AKR1C3
GO:0035259,glucocorticoid receptor binding (GO:0035259),9,3,0.597704082,5.019206146,0.01811286,0.339235498,8013;3164;6867,NR4A1;TACC1;NR4A3
GO:0005523,tropomyosin binding (GO:0005523),16,4,1.062585034,3.764404609,0.018474546,0.339235498,7140;7111;25802;7138,LMOD1;TMOD1;TNNT3;TNNT1
GO:0016655,"oxidoreductase activity, acting on NAD(P)H, quinone or similar compound as acceptor (GO:0016655)",16,4,1.062585034,3.764404609,0.018474546,0.339235498,1646;1645;8644;84883,AKR1C1;AKR1C2;AKR1C3;AIFM2
GO:0098632,cell-cell adhesion mediator activity (GO:0098632),42,7,2.789285714,2.509603073,0.019487874,0.352730511,301;3875;4072;23650;64221;57549;54538,ROBO3;ANXA1;ROBO4;TRIM29;IGSF9;EPCAM;KRT18
GO:0000217,DNA secondary structure binding (GO:0000217),33,6,2.191581633,2.737748807,0.01993988,0.355828555,641;9401;10635;3149;63967;7516,CLSPN;HMGB3;RAD51AP1;RECQL4;BLM;XRCC2
GO:0070851,growth factor receptor binding (GO:0070851),105,13,6.973214286,1.864276569,0.021487405,0.371327522,9368;9365;2255;2247;2252;85480;3569;2202;10551;152831;2246;80310;11082,TSLP;FGF1;ESM1;KL;FGF2;KLB;PDGFD;EFEMP1;FGF10;IL6;SLC9A3R1;FGF7;AGR2
GO:0030165,PDZ domain binding (GO:0030165),63,9,4.183928571,2.151088348,0.022532759,0.371327522,9928;9368;8322;7049;3993;11113;51232;83878;92162,KIF14;CIT;TGFBR3;USHBP1;TMEM88;CRIM1;LLGL2;FZD4;SLC9A3R1
GO:0002020,protease binding (GO:0002020),117,14,7.770153061,1.801766309,0.022838083,0.371327522,274;1311;2152;2191;2335;675;54507;7079;4915;1278;1277;1281;147372;7450,NTRK2;COMP;FN1;TIMP4;F3;CCBE1;FAP;ADAMTSL4;BIN1;BRCA2;VWF;COL1A1;COL3A1;COL1A2
GO:0005501,retinoid binding (GO:0005501),34,6,2.257993197,2.657226783,0.022895104,0.371327522,8854;56603;5950;1381;1382;5730,RBP4;ALDH1A2;PTGDS;CYP26B1;CRABP2;CRABP1
GO:0005003,ephrin receptor activity (GO:0005003),17,4,1.128996599,3.542969044,0.022918613,0.371327522,2051;1949;1944;2047,EPHB1;EPHB6;EFNA3;EFNB3
GO:0005005,transmembrane-ephrin receptor activity (GO:0005005),17,4,1.128996599,3.542969044,0.022918613,0.371327522,2051;1949;1944;2047,EPHB1;EPHB6;EFNA3;EFNB3
GO:0019901,protein kinase binding (GO:0019901),501,45,33.27219388,1.352480698,0.023212006,0.371327522,5140;5347;9928;150;29127;23542;857;287;7538;8013;5577;2908;891;1164;890;2690;7153;51704;5764;390;27289;1917;6790;286077;22974;57761;11113;993;2305;399694;9055;10112;22866;3832;858;59;81610;10253;1848;1843;196883;4753;9796;84612;55024,SPRY2;TPX2;KIF20A;TOP2A;CKS2;PLK1;AURKA;KIF14;FOXM1;CCNB1;KIF11;FAM83D;CCNA2;CAV1;PRC1;CIT;CAV2;PHYHIP;RACGAP1;PTN;NR3C1;ADCY4;GHR;CNKSR2;DUSP6;GPRC5B;RND3;DUSP1;ZFP36;TRIB3;ANK2;CDC25A;ACTA2;FAM83H;MAPK8IP2;PDE3B;PRKAR2B;EEF1A2;PARD6B;ADRA2A;NR4A3;RND1;SHC4;BANK1;NELL2
GO:0003779,actin binding (GO:0003779),176,19,11.68843537,1.625538354,0.024589481,0.371327522,2934;10391;83660;171024;6622;81930;7140;9645;11346;25924;54443;5304;83988;8572;27295;7111;10580;1756;130271,DMD;ANLN;TMOD1;KIF18A;SYNPO2;CORO2B;SNCA;SORBS1;GSN;TNNT3;MICAL2;PLEKHH2;NCALD;TLN2;PDLIM4;PDLIM3;SYNPO;MYRIP;PIP
GO:0004033,aldo-keto reductase (NADP) activity (GO:0004033),10,3,0.664115646,4.517285531,0.024618399,0.371327522,1645;8644;7881,AKR1C1;KCNAB1;AKR1C3
GO:0008179,adenylate cyclase binding (GO:0008179),10,3,0.664115646,4.517285531,0.024618399,0.371327522,9590;111;9472,AKAP6;AKAP12;ADCY5
GO:0004865,protein serine/threonine phosphatase inhibitor activity (GO:0004865),10,3,0.664115646,4.517285531,0.024618399,0.371327522,94274;81706;5502,PPP1R14A;PPP1R1A;PPP1R14C
GO:0004955,prostaglandin receptor activity (GO:0004955),10,3,0.664115646,4.517285531,0.024618399,0.371327522,5468;5734;5737,PPARG;PTGFR;PTGER4
GO:0008603,cAMP-dependent protein kinase regulator activity (GO:0008603),10,3,0.664115646,4.517285531,0.024618399,0.371327522,5570;5577;3627,CXCL10;PRKAR2B;PKIB
GO:0050660,flavin adenine dinucleotide binding (GO:0050660),55,8,3.652636054,2.190199046,0.027760156,0.411891669,316;7498;9645;84883;8564;6713;79689;197257,SQLE;MICAL2;AOX1;AIFM2;LDHD;STEAP4;KMO;XDH
GO:0098641,cadherin binding involved in cell-cell adhesion (GO:0098641),18,4,1.195408163,3.346137431,0.027957919,0.411891669,301;3875;4072;23650,ANXA1;TRIM29;EPCAM;KRT18
GO:0008081,phosphoric diester hydrolase activity (GO:0008081),36,6,2.390816327,2.509603073,0.029656377,0.431892291,50940;744;5169;5168;2822;345557,ENPP2;GPLD1;PDE11A;PLCXD3;MPPED2;ENPP3
GO:0030553,cGMP binding (GO:0030553),11,3,0.730527211,4.10662321,0.032211886,0.448488569,5138;50940;1259,PDE2A;PDE11A;CNGA1
GO:0008559,ABC-type xenobiotic transporter activity (GO:0008559),11,3,0.730527211,4.10662321,0.032211886,0.448488569,5243;10351;9429,ABCA8;ABCB1;ABCG2
GO:0017166,vinculin binding (GO:0017166),11,3,0.730527211,4.10662321,0.032211886,0.448488569,10391;1756;23336,DMD;SYNM;CORO2B
GO:0004032,alditol:NADP+ 1-oxidoreductase activity (GO:0004032),11,3,0.730527211,4.10662321,0.032211886,0.448488569,1646;1645;8644,AKR1C1;AKR1C2;AKR1C3
GO:0004745,NAD-retinol dehydrogenase activity (GO:0004745),19,4,1.261819728,3.170024934,0.033604929,0.462798312,126;125;124;8644,ADH1C;ADH1A;ADH1B;AKR1C3
GO:0008028,monocarboxylic acid transmembrane transporter activity (GO:0008028),28,5,1.85952381,2.688860435,0.035024953,0.472091648,9429;9194;9368;9123;9120,SLC16A3;SLC16A7;SLC9A3R1;ABCG2;SLC16A6
GO:0004864,protein phosphatase inhibitor activity (GO:0004864),28,5,1.85952381,2.688860435,0.035024953,0.472091648,5764;84152;94274;81706;5502,PPP1R14A;PPP1R1A;PTN;PPP1R1B;PPP1R14C
GO:0005272,sodium channel activity (GO:0005272),38,6,2.523639456,2.377518701,0.037608565,0.492717882,6330;6329;6326;6335;6332;6328,SCN4B;SCN3A;SCN4A;SCN2A;SCN9A;SCN7A
GO:0004528,phosphodiesterase I activity (GO:0004528),5,2,0.332057823,6.023047375,0.038499661,0.492717882,5169;5168,ENPP2;ENPP3
GO:0004523,RNA-DNA hybrid ribonuclease activity (GO:0004523),5,2,0.332057823,6.023047375,0.038499661,0.492717882,9156;10535,EXO1;RNASEH2A
GO:0005111,type 2 fibroblast growth factor receptor binding (GO:0005111),5,2,0.332057823,6.023047375,0.038499661,0.492717882,2255;2252,FGF10;FGF7
GO:0004331,"fructose-2,6-bisphosphate 2-phosphatase activity (GO:0004331)",5,2,0.332057823,6.023047375,0.038499661,0.492717882,5209;5207,PFKFB1;PFKFB3
GO:0051010,microtubule plus-end binding (GO:0051010),20,4,1.328231293,3.011523688,0.039866972,0.497994995,81930;79745;11004;667,KIF2C;DST;KIF18A;CLIP4
GO:0008373,sialyltransferase activity (GO:0008373),20,4,1.328231293,3.011523688,0.039866972,0.497994995,55808;256435;6489;8128,ST6GALNAC3;ST6GALNAC1;ST8SIA1;ST8SIA2
GO:0008374,O-acyltransferase activity (GO:0008374),29,5,1.925935374,2.59614111,0.040091152,0.497994995,129642;3931;84649;5321;57678,LCAT;GPAM;PLA2G4A;DGAT2;MBOAT2
GO:0070700,BMP receptor binding (GO:0070700),12,3,0.796938776,3.764404609,0.040878246,0.502842118,353500;654;650,BMP8A;BMP2;BMP6
GO:0004252,serine-type endopeptidase activity (GO:0004252),105,12,6.973214286,1.720870679,0.045334507,0.549988968,2152;2191;3249;8492;5653;25818;1511;10699;2159;2161;4318;10747,F10;F3;FAP;MASP2;CORIN;F12;MMP9;PRSS12;KLK5;CTSG;KLK6;HPN
GO:0015370,solute:sodium symporter activity (GO:0015370),30,5,1.992346939,2.509603073,0.045579196,0.549988968,57030;10568;6523;64078;8671,SLC17A7;SLC4A4;SLC28A3;SLC34A2;SLC5A1
GO:0004622,lysophospholipase activity (GO:0004622),21,4,1.394642857,2.868117798,0.046746498,0.553530957,11343;5321;5168;375775,ENPP2;PLA2G4A;PNPLA7;MGLL
GO:0042805,actinin binding (GO:0042805),21,4,1.394642857,2.868117798,0.046746498,0.553530957,171024;8572;5468;8842,SYNPO2;PPARG;PDLIM4;PROM1
GO:0031420,alkali metal ion binding (GO:0031420),13,3,0.86335034,3.474835024,0.050589173,0.583272968,477;10568;825,ATP1A2;CAPN3;SLC34A2
GO:0015250,water channel activity (GO:0015250),13,3,0.86335034,3.474835024,0.050589173,0.583272968,358;364;362,AQP7;AQP1;AQP5
GO:0008270,zinc ion binding (GO:0008270),333,30,22.11505102,1.356542202,0.054269737,0.583272968,8424;5138;641;6622;25924;5468;126;125;124;290;9104;5169;5168;101;6285;4311;29128;1958;9314;213;80332;4318;4499;4501;6652;253827;23743;23321;7083;1396,MME;UHRF1;ADAM33;TK1;S100B;MT1M;PDE2A;ADH1C;ADH1A;EGR1;RGN;ADH1B;MT1X;SNCA;ENPP2;PPARG;ADAM8;BBOX1;KLF4;ALB;BLM;BHMT2;MSRB3;MMP9;SORD;TRIM2;ANPEP;MYRIP;ENPP3;CRIP1
GO:0009378,four-way junction helicase activity (GO:0009378),6,2,0.398469388,5.019206146,0.055242901,0.583272968,641;9401,RECQL4;BLM
GO:0050693,LBD domain binding (GO:0050693),6,2,0.398469388,5.019206146,0.055242901,0.583272968,5468;4435,PPARG;CITED1
GO:0004035,alkaline phosphatase activity (GO:0004035),6,2,0.398469388,5.019206146,0.055242901,0.583272968,148113;249,CILP2;ALPL
GO:0001665,"alpha-N-acetylgalactosaminide alpha-2,6-sialyltransferase activity (GO:0001665)",6,2,0.398469388,5.019206146,0.055242901,0.583272968,55808;256435,ST6GALNAC3;ST6GALNAC1
GO:0003828,"alpha-N-acetylneuraminate alpha-2,8-sialyltransferase activity (GO:0003828)",6,2,0.398469388,5.019206146,0.055242901,0.583272968,6489;8128,ST8SIA1;ST8SIA2
GO:1990254,keratin filament binding (GO:1990254),6,2,0.398469388,5.019206146,0.055242901,0.583272968,286077;3861,KRT14;FAM83H
GO:0004457,lactate dehydrogenase activity (GO:0004457),6,2,0.398469388,5.019206146,0.055242901,0.583272968,197257;3945,LDHB;LDHD
GO:0035174,histone serine kinase activity (GO:0035174),6,2,0.398469388,5.019206146,0.055242901,0.583272968,6790;9212,AURKA;AURKB
GO:0015204,urea transmembrane transporter activity (GO:0015204),6,2,0.398469388,5.019206146,0.055242901,0.583272968,6563;364,AQP7;SLC14A1
GO:0005000,vasopressin receptor activity (GO:0005000),6,2,0.398469388,5.019206146,0.055242901,0.583272968,554;5021,OXTR;AVPR2
GO:0015079,potassium ion transmembrane transporter activity (GO:0015079),32,5,2.125170068,2.352752881,0.057832944,0.600609341,358;10060;3777;9132;84561,AQP1;SLC12A8;KCNQ4;KCNK3;ABCC9
GO:0042056,chemoattractant activity (GO:0042056),32,5,2.125170068,2.352752881,0.057832944,0.600609341,3627;6376;2255;2247;2252,CX3CL1;FGF2;CXCL10;FGF10;FGF7
GO:0032561,guanyl ribonucleotide binding (GO:0032561),207,20,13.74719388,1.454842361,0.058349336,0.601045596,5138;50940;744;6236;5105;1259;2770;22808;11031;9077;168537;25837;10381;115362;347733;57381;58480;10124;390;27289,PDE2A;TUBB3;PCK1;MRAS;RHOJ;PDE11A;ARL4A;RND3;TUBB2B;RAB26;GNAI1;MPPED2;RHOU;RAB31;RRAD;CNGA1;GIMAP7;DIRAS3;GBP5;RND1
GO:0016888,"endodeoxyribonuclease activity, producing 5'-phosphomonoesters (GO:0016888)",14,3,0.929761905,3.226632522,0.061305635,0.621393911,1763;9156;1776,EXO1;DNASE1L3;DNA2
GO:0005313,L-glutamate transmembrane transporter activity (GO:0005313),14,3,0.929761905,3.226632522,0.061305635,0.621393911,83733;57030;23657,SLC17A7;SLC7A11;SLC25A18
GO:0004806,triglyceride lipase activity (GO:0004806),23,4,1.527465986,2.61871625,0.062345173,0.626915346,3931;3991;4023;57104,LPL;LCAT;LIPE;PNPLA2
GO:0016538,cyclin-dependent protein serine/threonine kinase regulator activity (GO:0016538),43,6,2.855697279,2.101063038,0.063002505,0.628536801,9133;891;1164;890;9134;898,CKS2;CCNB2;CCNB1;CCNE2;CCNA2;CCNE1
GO:0005251,delayed rectifier potassium channel activity (GO:0005251),33,5,2.191581633,2.281457339,0.064599562,0.637837053,9132;3745;3753;23704;3742,KCNE1;KCNB1;KCNA6;KCNQ4;KCNE4
GO:0008198,ferrous iron binding (GO:0008198),24,4,1.593877551,2.509603073,0.0710476,0.637837053,6622;23498;7018;1036,TF;CDO1;SNCA;HAAO
GO:0051393,alpha-actinin binding (GO:0051393),24,4,1.593877551,2.509603073,0.0710476,0.637837053,171024;8572;27295;5468,SYNPO2;PPARG;PDLIM4;PDLIM3
GO:0050431,transforming growth factor beta binding (GO:0050431),24,4,1.593877551,2.509603073,0.0710476,0.637837053,7048;948;8425;7049,LTBP4;TGFBR3;CD36;TGFBR2
GO:0004715,non-membrane spanning protein tyrosine kinase activity (GO:0004715),34,5,2.257993197,2.214355653,0.071789986,0.637837053,9833;6725;5753;660;91461,MELK;BMX;PKDCC;SRMS;PTK6
GO:0005179,hormone activity (GO:0005179),78,9,5.180102041,1.737417512,0.072814077,0.637837053,3624;1906;9370;1907;4828;3952;3479;79006;5744,INHBA;LEP;ADIPOQ;METRN;IGF1;EDN1;NMB;EDN2;PTHLH
GO:0051371,muscle alpha-actinin binding (GO:0051371),15,3,0.996173469,3.011523688,0.072980063,0.637837053,171024;8572;27295,SYNPO2;PDLIM4;PDLIM3
GO:0086008,voltage-gated potassium channel activity involved in cardiac muscle cell action potential repolarization (GO:0086008),15,3,0.996173469,3.011523688,0.072980063,0.637837053,30819;3753;23704,KCNE1;KCNIP2;KCNE4
GO:0070696,transmembrane receptor protein serine/threonine kinase binding (GO:0070696),15,3,0.996173469,3.011523688,0.072980063,0.637837053,353500;654;650,BMP8A;BMP2;BMP6
GO:0016646,"oxidoreductase activity, acting on the CH-NH group of donors, NAD or NADP as acceptor (GO:0016646)",15,3,0.996173469,3.011523688,0.072980063,0.637837053,10840;10157;5831,ALDH1L1;PYCR1;AASS
GO:0003847,1-alkyl-2-acetylglycerophosphocholine esterase activity (GO:0003847),7,2,0.464880952,4.302176697,0.074003194,0.637837053,3931;5050,PAFAH1B3;LCAT
GO:0042301,phosphate ion binding (GO:0042301),7,2,0.464880952,4.302176697,0.074003194,0.637837053,5138;10568,PDE2A;SLC34A2
GO:0043139,5'-3' DNA helicase activity (GO:0043139),7,2,0.464880952,4.302176697,0.074003194,0.637837053,83990;1763,BRIP1;DNA2
GO:0050998,nitric-oxide synthase binding (GO:0050998),7,2,0.464880952,4.302176697,0.074003194,0.637837053,1756;857,DMD;CAV1
GO:0050308,sugar-phosphatase activity (GO:0050308),7,2,0.464880952,4.302176697,0.074003194,0.637837053,5209;5207,PFKFB1;PFKFB3
GO:0008443,phosphofructokinase activity (GO:0008443),7,2,0.464880952,4.302176697,0.074003194,0.637837053,5209;5207,PFKFB1;PFKFB3
GO:0018455,alcohol dehydrogenase [NAD(P)+] activity (GO:0018455),7,2,0.464880952,4.302176697,0.074003194,0.637837053,126;137872,ADH1C;ADHFE1
GO:0015168,glycerol transmembrane transporter activity (GO:0015168),7,2,0.464880952,4.302176697,0.074003194,0.637837053,358;364,AQP7;AQP1
GO:0005223,intracellular cGMP-activated cation channel activity (GO:0005223),7,2,0.464880952,4.302176697,0.074003194,0.637837053,358;1259,AQP1;CNGA1
GO:0005113,patched binding (GO:0005113),7,2,0.464880952,4.302176697,0.074003194,0.637837053,857;891,CCNB1;CAV1
GO:0046982,protein heterodimerization activity (GO:0046982),188,18,12.48537415,1.441686872,0.074706585,0.639548941,5050;477;150;8322;9915;482;654;8639;467;51085;3164;3745;2034;7153;185;347733;6790;4680,TOP2A;AURKA;ATP1A2;PAFAH1B3;MLXIPL;AOC3;KCNB1;TUBB2B;ATF3;ATP1B2;NR4A1;BMP6;CEACAM6;FZD4;EPAS1;AGTR1;ADRA2A;ARNT2
GO:0017022,myosin binding (GO:0017022),56,7,3.719047619,1.882202305,0.07600244,0.646275781,2934;25924;1756;3993;55323;4604;57111,DMD;GSN;LARP6;LLGL2;MYBPC1;MYRIP;RAB25
GO:0005267,potassium channel activity (GO:0005267),91,10,6.043452381,1.654683345,0.07900513,0.667329995,358;10060;3779;3777;9132;3745;3753;3742;60598;3776,KCNE1;KCNMB1;AQP1;KCNB1;KCNA6;KCNQ4;KCNK3;KCNK15;ABCC9;KCNK2
GO:0071949,FAD binding (GO:0071949),25,4,1.660289116,2.40921895,0.080334765,0.674067201,9645;8564;6713;79689,SQLE;MICAL2;STEAP4;KMO
GO:0046914,transition metal ion binding (GO:0046914),440,37,29.22108844,1.266208823,0.081100746,0.676017401,316;8424;5138;641;6622;25924;5468;744;126;125;124;290;9104;5169;5168;8639;101;6285;5105;4311;29128;1958;9314;6649;213;4057;80332;4318;28;4499;4501;6652;253827;23743;23321;7083;1396,MME;UHRF1;ADAM33;TK1;S100B;MT1M;PDE2A;ADH1C;ADH1A;EGR1;RGN;ADH1B;PCK1;MT1X;SNCA;ENPP2;AOC3;PPARG;ADAM8;BBOX1;KLF4;SOD3;AOX1;ALB;BLM;BHMT2;MSRB3;MPPED2;MMP9;SORD;TRIM2;ANPEP;MYRIP;ENPP3;ABO;CRIP1;LTF
GO:0046943,carboxylic acid transmembrane transporter activity (GO:0046943),57,7,3.785459184,1.849181212,0.081941735,0.678563255,5243;9194;11254;8140;6545;9123;9120,ABCB1;SLC16A3;SLC16A7;SLC6A14;SLC7A5;SLC16A6;SLC7A4
GO:0015101,organic cation transmembrane transporter activity (GO:0015101),16,3,1.062585034,2.823303457,0.08555826,0.699369775,6581;222962;80736,SLC22A3;SLC29A4;SLC44A4
GO:0022841,potassium ion leak channel activity (GO:0022841),16,3,1.062585034,2.823303457,0.08555826,0.699369775,3777;60598;3776,KCNK3;KCNK15;KCNK2
GO:0022839,ion gated channel activity (GO:0022839),26,4,1.72670068,2.316556683,0.090189585,0.729602802,203859;9635;57156;57348,TTYH1;ANO5;CLCA2;TMEM63C
GO:0008528,G protein-coupled peptide receptor activity (GO:0008528),82,9,5.445748299,1.652665438,0.093053763,0.729602802,4883;554;4881;5745;5746;55366;5021;117;1910,OXTR;ADCYAP1R1;AVPR2;NPR1;EDNRB;PTH1R;LGR4;PTH2R;NPR3
GO:0000405,bubble DNA binding (GO:0000405),8,2,0.531292517,3.764404609,0.09443951,0.729602802,641;9401,RECQL4;BLM
GO:0017108,5'-flap endonuclease activity (GO:0017108),8,2,0.531292517,3.764404609,0.09443951,0.729602802,1763;9156,EXO1;DNA2
GO:0061575,cyclin-dependent protein serine/threonine kinase activator activity (GO:0061575),8,2,0.531292517,3.764404609,0.09443951,0.729602802,891;1164,CKS2;CCNB1
GO:1903136,cuprous ion binding (GO:1903136),8,2,0.531292517,3.764404609,0.09443951,0.729602802,6622;6623,SNCA;SNCG
GO:0048495,Roundabout binding (GO:0048495),8,2,0.531292517,3.764404609,0.09443951,0.729602802,6586;59352,LGR6;SLIT3
GO:0004862,cAMP-dependent protein kinase inhibitor activity (GO:0004862),8,2,0.531292517,3.764404609,0.09443951,0.729602802,5570;5577,PRKAR2B;PKIB
GO:0004897,ciliary neurotrophic factor receptor activity (GO:0004897),8,2,0.531292517,3.764404609,0.09443951,0.729602802,1271;3977,LIFR;CNTFR
GO:0000400,four-way junction DNA binding (GO:0000400),17,3,1.128996599,2.657226783,0.098981041,0.746482019,641;3149;7516,HMGB3;BLM;XRCC2
GO:0008106,alcohol dehydrogenase (NADP+) activity (GO:0008106),17,3,1.128996599,2.657226783,0.098981041,0.746482019,1646;1645;8644,AKR1C1;AKR1C2;AKR1C3
GO:0005229,intracellular calcium activated chloride channel activity (GO:0005229),17,3,1.128996599,2.657226783,0.098981041,0.746482019,203859;9635;57348,TTYH1;ANO5;CLCA2
GO:0061778,intracellular chloride channel activity (GO:0061778),17,3,1.128996599,2.657226783,0.098981041,0.746482019,203859;9635;57348,TTYH1;ANO5;CLCA2
GO:0004175,endopeptidase activity (GO:0004175),315,27,20.91964286,1.290653009,0.103170924,0.77347669,5304;4311;6422;9700;2152;2191;3249;80332;8492;4320;5653;25818;1511;8728;54507;10699;2159;2161;79148;4314;4318;140766;170692;10747;9718;11096;9510,MMP11;ADAMTS5;MME;ADAM33;ADAMTS14;SFRP1;ADAMTS1;ESPL1;F10;F3;ADAM19;FAP;ECE2;MASP2;CORIN;F12;MMP3;MMP9;PRSS12;ADAMTS18;ADAMTSL4;MMP28;KLK5;CTSG;KLK6;HPN;PIP
GO:0016298,lipase activity (GO:0016298),49,6,3.254166667,1.843790013,0.104098497,0.775839972,3931;3991;11343;4023;1066;57104,LPL;LCAT;LIPE;CES1;MGLL;PNPLA2
GO:0019894,kinesin binding (GO:0019894),28,4,1.85952381,2.151088348,0.111519999,0.818375295,6622;23542;9055;81610,FAM83D;PRC1;SNCA;MAPK8IP2
GO:0004712,protein serine/threonine/tyrosine kinase activity (GO:0004712),28,4,1.85952381,2.151088348,0.111519999,0.818375295,6790;9212;5602;7272,AURKA;TTK;AURKB;MAPK10
GO:0070182,DNA polymerase binding (GO:0070182),18,3,1.195408163,2.509603073,0.113185666,0.818375295,5888;81620;55215,RAD51;FANCI;CDT1
GO:1990825,sequence-specific mRNA binding (GO:1990825),9,2,0.597704082,3.346137431,0.116247125,0.818375295,55323;7298,TYMS;LARP6
GO:0048256,flap endonuclease activity (GO:0048256),9,2,0.597704082,3.346137431,0.116247125,0.818375295,1763;9156,EXO1;DNA2
GO:0008504,monoamine transmembrane transporter activity (GO:0008504),9,2,0.597704082,3.346137431,0.116247125,0.818375295,6581;222962,SLC22A3;SLC29A4
GO:0017002,activin-activated receptor activity (GO:0017002),9,2,0.597704082,3.346137431,0.116247125,0.818375295,130399;7048,TGFBR2;ACVR1C
GO:0016641,"oxidoreductase activity, acting on the CH-NH2 group of donors, oxygen as acceptor (GO:0016641)",9,2,0.597704082,3.346137431,0.116247125,0.818375295,8639;259307,AOC3;IL4I1
GO:0016805,dipeptidase activity (GO:0016805),9,2,0.597704082,3.346137431,0.116247125,0.818375295,10003;135293,NAALAD2;PM20D2
GO:0016616,"oxidoreductase activity, acting on the CH-OH group of donors, NAD or NADP as acceptor (GO:0016616)",86,9,5.711394558,1.575797278,0.116264841,0.818375295,126;125;124;1645;8644;7881;197257;3945;6652,ADH1C;ADH1A;ADH1B;AKR1C1;KCNAB1;AKR1C3;SORD;LDHB;LDHD
GO:0030295,protein kinase activator activity (GO:0030295),63,7,4.183928571,1.673068715,0.12294683,0.854839799,9052;3084;4057;7481;51704;22974;10253,SPRY2;TPX2;GPRC5A;GPRC5B;NRG1;WNT11;LTF
GO:0030291,protein serine/threonine kinase inhibitor activity (GO:0030291),29,4,1.925935374,2.076912888,0.122948614,0.854839799,5570;5577;11113;10253,SPRY2;CIT;PRKAR2B;PKIB
GO:0004860,protein kinase inhibitor activity (GO:0004860),40,5,2.656462585,1.882202305,0.123469363,0.854839799,6622;11113;10253;84152;1028,SPRY2;CIT;SNCA;CDKN1C;PPP1R1B
GO:0017116,single-stranded DNA helicase activity (GO:0017116),19,3,1.261819728,2.377518701,0.128107054,0.8773602,1763;10721;5888,RAD51;POLQ;DNA2
GO:0022840,leak channel activity (GO:0022840),19,3,1.261819728,2.377518701,0.128107054,0.8773602,3777;60598;3776,KCNK3;KCNK15;KCNK2
GO:0004896,cytokine receptor activity (GO:0004896),88,9,5.844217687,1.539983704,0.128958399,0.878442428,8322;1271;3977;2690;3590;2675;2152;54756;3953,IL11RA;LIFR;LEPR;CNTFR;F3;GHR;GFRA2;IL17RD;FZD4
GO:0070888,E-box binding (GO:0070888),41,5,2.72287415,1.836294931,0.133412239,0.899113334,5468;2625;5187;84913;6886,PER1;ATOH8;PPARG;TAL1;GATA3
GO:0048020,CCR chemokine receptor binding (GO:0048020),41,5,2.72287415,1.836294931,0.133412239,0.899113334,6366;10563;10763;1672;6376,CX3CL1;NES;CCL21;DEFB1;CXCL13
GO:0008238,exopeptidase activity (GO:0008238),53,6,3.519812925,1.70463605,0.137639548,0.908806731,7512;290;10003;4311;135293;2191,MME;NAALAD2;FAP;XPNPEP2;PM20D2;ANPEP
GO:0032357,oxidized purine DNA binding (GO:0032357),10,2,0.664115646,3.011523688,0.139154306,0.908806731,641;9401,RECQL4;BLM
GO:0004859,phospholipase inhibitor activity (GO:0004859),10,2,0.664115646,3.011523688,0.139154306,0.908806731,6622;301,ANXA1;SNCA
GO:0015293,symporter activity (GO:0015293),10,2,0.664115646,3.011523688,0.139154306,0.908806731,64078;8671,SLC4A4;SLC28A3
GO:0017017,MAP kinase tyrosine/serine/threonine phosphatase activity (GO:0017017),10,2,0.664115646,3.011523688,0.139154306,0.908806731,1848;1843,DUSP6;DUSP1
GO:0008330,protein tyrosine/threonine phosphatase activity (GO:0008330),10,2,0.664115646,3.011523688,0.139154306,0.908806731,1848;1843,DUSP6;DUSP1
GO:0005506,iron ion binding (GO:0005506),54,6,3.58622449,1.673068715,0.146731146,0.946719621,316;6622;4057;23498;7018;1036,TF;CDO1;SNCA;AOX1;HAAO;LTF
GO:0033293,monocarboxylic acid binding (GO:0033293),31,4,2.058758503,1.942918508,0.147201078,0.946719621,1646;1645;8644;56603,AKR1C1;AKR1C2;AKR1C3;CYP26B1
GO:0019209,kinase activator activity (GO:0019209),31,4,2.058758503,1.942918508,0.147201078,0.946719621,9052;7481;51704;22974,TPX2;GPRC5A;GPRC5B;WNT11
GO:0005525,GTP binding (GO:0005525),183,16,12.15331633,1.316513087,0.157735604,0.960087155,6236;5105;2770;22808;11031;9077;168537;25837;10381;115362;347733;57381;58480;10124;390;27289,TUBB3;PCK1;MRAS;RHOJ;ARL4A;RND3;TUBB2B;RAB26;GNAI1;RHOU;RAB31;RRAD;GIMAP7;DIRAS3;GBP5;RND1
GO:0005126,cytokine receptor binding (GO:0005126),105,10,6.973214286,1.434058899,0.15873134,0.960087155,8835;57402;6366;6387;3977;85480;3569;146433;7292;7049,TSLP;LIFR;TGFBR3;TNFSF4;CCL21;CXCL12;SOCS2;IL34;IL6;S100A14
GO:0030170,pyridoxal phosphate binding (GO:0030170),21,3,1.394642857,2.151088348,0.159834222,0.960087155,5837;10993;213,SDS;PYGM;ALB
GO:0051427,hormone receptor binding (GO:0051427),21,3,1.394642857,2.151088348,0.159834222,0.960087155,8835;3952;5744,LEP;SOCS2;PTHLH
GO:0035035,histone acetyltransferase binding (GO:0035035),21,3,1.394642857,2.151088348,0.159834222,0.960087155,50943;1958;2034,EGR1;FOXP3;EPAS1
GO:0017134,fibroblast growth factor binding (GO:0017134),21,3,1.394642857,2.151088348,0.159834222,0.960087155,9365;10563;152831,KL;KLB;CXCL13
GO:0008138,protein tyrosine/serine/threonine phosphatase activity (GO:0008138),21,3,1.394642857,2.151088348,0.159834222,0.960087155,1848;1843;1033,CDKN3;DUSP6;DUSP1
GO:0016407,acetyltransferase activity (GO:0016407),32,4,2.125170068,1.882202305,0.159967954,0.960087155,3931;5050;157570;339983,ESCO2;PAFAH1B3;LCAT;NAT8L
GO:0005436,sodium:phosphate symporter activity (GO:0005436),11,2,0.730527211,2.737748807,0.162919288,0.960087155,57030;10568,SLC17A7;SLC34A2
GO:0045159,myosin II binding (GO:0045159),11,2,0.730527211,2.737748807,0.162919288,0.960087155,2934;3993,GSN;LLGL2
GO:0015271,outward rectifier potassium channel activity (GO:0015271),11,2,0.730527211,2.737748807,0.162919288,0.960087155,30819;3776,KCNIP2;KCNK2
GO:0046965,retinoid X receptor binding (GO:0046965),11,2,0.730527211,2.737748807,0.162919288,0.960087155,5468;6867,PPARG;TACC1
GO:0005217,intracellular ligand-gated ion channel activity (GO:0005217),11,2,0.730527211,2.737748807,0.162919288,0.960087155,6261;6263,RYR3;RYR1
GO:0005221,intracellular cyclic nucleotide activated cation channel activity (GO:0005221),11,2,0.730527211,2.737748807,0.162919288,0.960087155,358;1259,AQP1;CNGA1
GO:0031404,chloride ion binding (GO:0031404),11,2,0.730527211,2.737748807,0.162919288,0.960087155,57502;4883,NLGN4X;NPR3
GO:1990459,transferrin receptor binding (GO:1990459),11,2,0.730527211,2.737748807,0.162919288,0.960087155,7018;56963,TF;RGMA
GO:0008239,dipeptidyl-peptidase activity (GO:0008239),11,2,0.730527211,2.737748807,0.162919288,0.960087155,10003;2191,NAALAD2;FAP
GO:0033549,MAP kinase phosphatase activity (GO:0033549),11,2,0.730527211,2.737748807,0.162919288,0.960087155,1848;1843,DUSP6;DUSP1
GO:0004620,phospholipase activity (GO:0004620),68,7,4.515986395,1.550048957,0.163715997,0.960315595,11343;5321;5168;4023;5320;375775;2822,LPL;ENPP2;GPLD1;PLA2G4A;PNPLA7;MGLL;PLA2G2A